OP01-001,LEADER,ロロノア・ゾロ,5,斬,5000,-,赤,超新星/麦わらの一味,【ドン‼×1】【自分のターン中】自分のキャラすべてを、パワー+1000。
OP01-001_p1,LEADER,ロロノア・ゾロ,5,斬,5000,-,赤,超新星/麦わらの一味,【ドン‼×1】【自分のターン中】自分のキャラすべてを、パワー+1000。
OP01-001_p2,LEADER,ロロノア・ゾロ,5,斬,5000,-,赤,超新星/麦わらの一味,【ドン‼×1】【自分のターン中】自分のキャラすべてを、パワー+1000。
OP01-002,LEADER,トラファルガー・ロー,4,斬,5000,-,赤/緑,超新星/ハートの海賊団,【起動メイン】【ターン1回】②(コストエリアのドン‼を指定の数レストにできる)：自分のキャラが5枚いる場合、自分のキャラ1枚を、持ち主の手札に戻し、自分の手札から、戻したキャラと異なる色のコスト5以下のキャラカード1枚までを、登場させる。
OP01-002_p1,LEADER,トラファルガー・ロー,4,斬,5000,-,赤/緑,超新星/ハートの海賊団,【起動メイン】【ターン1回】②(コストエリアのドン‼を指定の数レストにできる)：自分のキャラが5枚いる場合、自分のキャラ1枚を、持ち主の手札に戻し、自分の手札から、戻したキャラと異なる色のコスト5以下のキャラカード1枚までを、登場させる。
OP01-003,LEADER,モンキー・D・ルフィ,4,打,5000,-,赤/緑,超新星/麦わらの一味,【起動メイン】【ターン1回】④(コストエリアのドン‼を指定の数レストにできる)：自分のコスト5以下の特徴《超新星》か《麦わらの一味》を持つキャラ1枚までを、アクティブにし、そのキャラを、このターン中、パワー+1000。
OP01-003_p1,LEADER,モンキー・D・ルフィ,4,打,5000,-,赤/緑,超新星/麦わらの一味,【起動メイン】【ターン1回】④(コストエリアのドン‼を指定の数レストにできる)：自分のコスト5以下の特徴《超新星》か《麦わらの一味》を持つキャラ1枚までを、アクティブにし、そのキャラを、このターン中、パワー+1000。
OP01-004,CHARACTER,ウソップ,2,射,3000,2000,赤,麦わらの一味,【ドン‼×1】【自分のターン中】【ターン1回】相手がイベントを発動した時、カード1枚を引く。
OP01-005,CHARACTER,ウタ,4,特,4000,-,赤,FILM,【登場時】自分のトラッシュの「ウタ」以外のコスト3以下の赤のキャラカード1枚までを、手札に加える。
OP01-005_p1,CHARACTER,ウタ,4,特,4000,-,赤,FILM,【登場時】自分のトラッシュの「ウタ」以外のコスト3以下の赤のキャラカード1枚までを、手札に加える。
OP01-005_p2,CHARACTER,ウタ,4,特,4000,-,赤,FILM,【登場時】自分のトラッシュの「ウタ」以外のコスト3以下の赤のキャラカード1枚までを、手札に加える。
OP01-006,CHARACTER,お玉,1,特,-,2000,赤,ワノ国,【登場時】相手のキャラ1枚までを、このターン中、パワー-2000。
OP01-007,CHARACTER,カリブー,3,特,4000,1000,赤,超新星/カリブー海賊団,【KO時】相手のパワー4000以下のキャラ1枚までを、KOする。
OP01-008,CHARACTER,キャベンディッシュ,4,斬,5000,-,赤,超新星/美しき海賊団,【登場時】自分のライフ1枚を手札に加えることができる：このキャラは、このターン中、【速攻】を得る。
OP01-008_p1,CHARACTER,キャベンディッシュ,4,斬,5000,-,赤,超新星/美しき海賊団,【登場時】自分のライフ1枚を手札に加えることができる：このキャラは、このターン中、【速攻】を得る。
OP01-009,CHARACTER,キャロット,2,打,3000,1000,赤,ミンク族,-
OP01-010,CHARACTER,狛ちよ,1,打,3000,1000,赤,動物/ワノ国,-
OP01-011,CHARACTER,ゴードン,2,知,3000,2000,赤,FILM,【登場時】自分の手札1枚をデッキの下に置くことができる：カード1枚を引く。
OP01-012,CHARACTER,サイ,2,斬,4000,1000,赤,八宝水軍,-
OP01-013,CHARACTER,サンジ,2,打,3000,2000,赤,麦わらの一味,【起動メイン】【ターン1回】自分のライフ1枚を手札に加えることができる：このキャラは、このターン中、パワー+2000。その後、このキャラにレストのドン‼2枚までを付与する。
OP01-013_p1,CHARACTER,サンジ,2,打,3000,2000,赤,麦わらの一味,【起動メイン】【ターン1回】自分のライフ1枚を手札に加えることができる：このキャラは、このターン中、パワー+2000。その後、このキャラにレストのドン‼2枚までを付与する。
OP01-013_p2,CHARACTER,サンジ,2,打,3000,2000,赤,麦わらの一味,【起動メイン】【ターン1回】自分のライフ1枚を手札に加えることができる：このキャラは、このターン中、パワー+2000。その後、このキャラにレストのドン‼2枚までを付与する。
OP01-014,CHARACTER,ジンベエ,4,打,5000,-,赤,魚人族/麦わらの一味,【ブロッカー】(相手のアタックの後、このカードをレストにし、アタックの対象をこのカードにできる)
OP01-014_p1,CHARACTER,ジンベエ,4,打,5000,-,赤,魚人族/麦わらの一味,【ブロッカー】(相手のアタックの後、このカードをレストにし、アタックの対象をこのカードにできる)
OP01-014_p2,CHARACTER,ジンベエ,4,打,5000,-,赤,魚人族/麦わらの一味,【ブロッカー】(相手のアタックの後、このカードをレストにし、アタックの対象をこのカードにできる)
OP01-015,CHARACTER,トニートニー・チョッパー,3,知,4000,1000,赤,動物/麦わらの一味,【ドン‼×1】【アタック時】自分の手札1枚を捨てることができる：自分のトラッシュの「トニートニー・チョッパー」以外のコスト4以下の特徴《麦わらの一味》を持つキャラカード1枚までを、手札に加える。
OP01-016,CHARACTER,ナミ,1,特,2000,1000,赤,麦わらの一味,【登場時】自分のデッキの上から5枚を見て、「ナミ」以外の特徴《麦わらの一味》を持つカード1枚までを公開し、手札に加える。その後、残りを好きな順番でデッキの下に置く。
OP01-016_p1,CHARACTER,ナミ,1,特,2000,1000,赤,麦わらの一味,【登場時】自分のデッキの上から5枚を見て、「ナミ」以外の特徴《麦わらの一味》を持つカード1枚までを公開し、手札に加える。その後、残りを好きな順番でデッキの下に置く。
OP01-016_p2,CHARACTER,ナミ,1,特,2000,1000,赤,麦わらの一味,【登場時】自分のデッキの上から5枚を見て、「ナミ」以外の特徴《麦わらの一味》を持つカード1枚までを公開し、手札に加える。その後、残りを好きな順番でデッキの下に置く。
OP01-017,CHARACTER,ニコ・ロビン,3,打,4000,1000,赤,麦わらの一味,【ドン‼×1】【アタック時】相手のパワー3000以下のキャラ1枚までを、KOする。
OP01-017_p1,CHARACTER,ニコ・ロビン,3,打,4000,1000,赤,麦わらの一味,【ドン!!×1】【アタック時】相手のパワー3000以下のキャラ1枚までを、KOする。
OP01-017_p2,CHARACTER,ニコ・ロビン,3,打,4000,1000,赤,麦わらの一味,【ドン!!×1】【アタック時】相手のパワー3000以下のキャラ1枚までを、KOする。
OP01-018,CHARACTER,ハイルディン,4,打,6000,1000,赤,巨人族/新巨兵海賊団,-
OP01-019,CHARACTER,バルトロメオ,2,特,2000,1000,赤,超新星/バルトクラブ,【ブロッカー】(相手のアタックの後、このカードをレストにし、アタックの対象をこのカードにできる)
OP01-020,CHARACTER,ヒョウ五郎,2,打,3000,1000,赤,ワノ国,【起動メイン】このキャラをレストにできる：自分のリーダーかキャラ1枚までを、このターン中、パワー+2000。
OP01-021,CHARACTER,フランキー,3,射,4000,-,赤,麦わらの一味,【ドン‼×1】このキャラは、相手のアクティブのキャラにもアタックできる。
OP01-021_p2,CHARACTER,フランキー,3,射,4000,-,赤,麦わらの一味,【ドン‼×1】このキャラは、相手のアクティブのキャラにもアタックできる。
OP01-021_p3,CHARACTER,フランキー,3,射,4000,-,赤,麦わらの一味,【ドン‼×1】このキャラは、相手のアクティブのキャラにもアタックできる。
OP01-021_p1,CHARACTER,フランキー,3,射,4000,-,赤,麦わらの一味,【ドン!!×1】このキャラは、相手のアクティブのキャラにもアタックできる。
OP01-021_p4,CHARACTER,フランキー,3,射,4000,-,赤,麦わらの一味,【ドン!!×1】このキャラは、相手のアクティブのキャラにもアタックできる。
OP01-022,CHARACTER,ブルック,4,斬,5000,1000,赤,麦わらの一味,【ドン‼×1】【アタック時】相手のキャラ2枚までを、このターン中、パワー-2000。
OP01-022_p1,CHARACTER,ブルック,4,斬,5000,1000,赤,麦わらの一味,【ドン‼×1】【アタック時】相手のキャラ2枚までを、このターン中、パワー-2000。
OP01-023,CHARACTER,マルコ,3,特,5000,1000,赤,元白ひげ海賊団,-
OP01-024,CHARACTER,モンキー・D・ルフィ,2,打,3000,1000,赤,超新星/麦わらの一味,【ドン‼×2】このキャラは、属性 (打)を持つキャラとのバトルではKOされない。
OP01-024_p1,CHARACTER,モンキー・D・ルフィ,2,打,3000,1000,赤,超新星/麦わらの一味,【ドン‼×2】このキャラは、属性 (打)を持つキャラとのバトルではKOされない。
OP01-025,CHARACTER,ロロノア・ゾロ,3,斬,5000,-,赤,超新星/麦わらの一味,【速攻】(このカードは登場したターンにアタックできる)
OP01-025_p1,CHARACTER,ロロノア・ゾロ,3,斬,5000,-,赤,超新星/麦わらの一味,【速攻】(このカードは登場したターンにアタックできる)
OP01-026,EVENT,ゴムゴムの火拳銃,2,-,-,-,赤,超新星/麦わらの一味,【カウンター】自分のリーダーかキャラ1枚までを、このバトル中、パワー+4000。その後、相手のパワー4000以下のキャラ1枚までを、KOする。
OP01-027,EVENT,円卓,4,-,-,-,赤,超新星/美しき海賊団,【メイン】相手のキャラ1枚までを、このターン中、パワー-10000。
OP01-028,EVENT,必殺緑星ラフレシア,1,-,-,-,赤,麦わらの一味,【カウンター】相手のリーダーかキャラ1枚までを、このターン中、パワー-2000。
OP01-029,EVENT,ラディカルビ～～～ム‼‼,1,-,-,-,赤,麦わらの一味,【カウンター】自分のリーダーかキャラ1枚までを、このバトル中、パワー+2000。その後、自分のライフが2枚以下の場合、そのカードを、このバトル中、パワー+2000。
OP01-030,EVENT,2年後に‼!シャボンディ諸島で!!!,1,-,-,-,赤,麦わらの一味,【メイン】自分のデッキの上から5枚を見て、特徴《麦わらの一味》を持つキャラカード1枚までを公開し、手札に加える。その後、残りを好きな順番でデッキの下に置く。
OP01-031,LEADER,光月おでん,5,斬,5000,-,緑,ワノ国/光月家,【起動メイン】【ターン1回】自分の手札から特徴《ワノ国》を持つカード1枚を捨てることができる：自分のドン‼2枚までをアクティブにする。
OP01-031_p1,LEADER,光月おでん,5,斬,5000,-,緑,ワノ国/光月家,【起動メイン】【ターン1回】自分の手札から特徴《ワノ国》を持つカード1枚を捨てることができる：自分のドン‼2枚までをアクティブにする。
OP01-032,CHARACTER,アシュラ童子,3,斬,4000,1000,緑,ワノ国/赤鞘九人男,【ドン‼×1】相手のレストのキャラが2枚以上いる場合、このキャラはパワー+2000。
OP01-033,CHARACTER,イゾウ,3,射,3000,2000,緑,ワノ国/元白ひげ海賊団,【登場時】相手のコスト4以下のキャラ1枚までを、レストにする。
OP01-033_p1,CHARACTER,イゾウ,3,射,3000,2000,緑,ワノ国/元白ひげ海賊団,【登場時】相手のコスト4以下のキャラ1枚までを、レストにする。
OP01-034,CHARACTER,イヌアラシ,3,斬,4000,1000,緑,ミンク族/ワノ国/赤鞘九人男,【ドン‼×2】【アタック時】自分のドン‼1枚までを、アクティブにする。
OP01-034_p1,CHARACTER,イヌアラシ,3,斬,4000,1000,緑,ミンク族/ワノ国/赤鞘九人男,【ドン!!×2】【アタック時】自分のドン!!1枚までを、アクティブにする。
OP01-035,CHARACTER,お菊,3,斬,5000,-,緑,ワノ国/赤鞘九人男,【ドン‼×1】【アタック時】【ターン1回】相手のコスト5以下のキャラ1枚までを、レストにする。
OP01-035_p1,CHARACTER,お菊,3,斬,5000,-,緑,ワノ国/赤鞘九人男,【ドン!!×1】【アタック時】【ターン1回】相手のコスト5以下のキャラ1枚までを、レストにする。
OP01-036,CHARACTER,お鶴,1,知,3000,1000,緑,ワノ国,-
OP01-037,CHARACTER,河松,2,斬,3000,1000,緑,魚人族/ワノ国/赤鞘九人男,-
OP01-038,CHARACTER,カン十郎,2,斬,3000,1000,緑,ワノ国/赤鞘九人男,【ドン‼×1】【アタック時】相手のレストのコスト2以下のキャラ1枚までを、KOする。
OP01-039,CHARACTER,キラー,2,斬,2000,1000,緑,超新星/キッド海賊団,【ブロッカー】(相手のアタックの後、このカードをレストにし、アタックの対象をこのカードにできる)
OP01-040,CHARACTER,錦えもん,6,斬,6000,-,緑,ワノ国/赤鞘九人男,【登場時】自分のリーダーが「光月おでん」の場合、自分の手札からコスト3以下の特徴《赤鞘九人男》を持つキャラカード1枚までを、登場させる。
OP01-040_p1,CHARACTER,錦えもん,6,斬,6000,-,緑,ワノ国/赤鞘九人男,【登場時】自分のリーダーが「光月おでん」の場合、自分の手札からコスト3以下の特徴《赤鞘九人男》を持つキャラカード1枚までを、登場させる。
OP01-041,CHARACTER,光月モモの助,1,斬,-,1000,緑,ワノ国/光月家,【起動メイン】①(コストエリアのドン‼を指定の数レストにできる)，このキャラをレストにできる：自分のデッキの上から5枚を見て、特徴《ワノ国》を持つカード1枚までを公開し、手札に加える。その後、残りを好きな順番でデッキの下に置く。
OP01-042,CHARACTER,小紫,1,知,-,1000,緑,ワノ国/光月家,【登場時】③(コストエリアのドン‼を指定の数レストにできる)：自分のリーダーが「光月おでん」の場合、自分のコスト3以下の特徴《ワノ国》を持つキャラ1枚までを、アクティブにする。
OP01-043,CHARACTER,しのぶ,3,特,5000,1000,緑,ワノ国,-
OP01-044,CHARACTER,シャチ,3,打,4000,1000,緑,ハートの海賊団,【ブロッカー】(相手のアタックの後、このカードをレストにし、アタックの対象をこのカードにできる)
OP01-045,CHARACTER,ジャンバール,4,打,6000,1000,緑,ハートの海賊団,-
OP01-046,CHARACTER,傳ジロー,5,斬,7000,-,緑,ワノ国/赤鞘九人男,【ドン‼×1】【アタック時】自分のリーダーが「光月おでん」の場合、自分のドン‼2枚までを、アクティブにする。
OP01-047,CHARACTER,トラファルガー・ロー,5,斬,6000,-,緑,超新星/ハートの海賊団,【ブロッカー】(相手のアタックの後、このカードをレストにし、アタックの対象をこのカードにできる)
OP01-047_p1,CHARACTER,トラファルガー・ロー,5,斬,6000,-,緑,超新星/ハートの海賊団,【ブロッカー】(相手のアタックの後、このカードをレストにし、アタックの対象をこのカードにできる)
OP01-047_p2,CHARACTER,トラファルガー・ロー,5,斬,6000,-,緑,超新星/ハートの海賊団,【ブロッカー】(相手のアタックの後、このカードをレストにし、アタックの対象をこのカードにできる)
OP01-048,CHARACTER,ネコマムシ,2,斬,3000,1000,緑,ミンク族/ワノ国/赤鞘九人男,【登場時】相手のコスト3以下のキャラ1枚までを、レストにする。
OP01-048_p1,CHARACTER,ネコマムシ,2,斬,3000,1000,緑,ミンク族/ワノ国/赤鞘九人男,【登場時】相手のコスト3以下のキャラ1枚までを、レストにする。
OP01-049,CHARACTER,ベポ,4,打,4000,2000,緑,ミンク族/ハートの海賊団,【ドン‼×1】【アタック時】自分の手札からコスト4以下の「ベポ」以外の特徴《ハートの海賊団》を持つキャラカード1枚までを、登場させる。
OP01-050,CHARACTER,ペンギン,3,打,2000,1000,緑,ハートの海賊団,【ブロッカー】(相手のアタックの後、このカードをレストにし、アタックの対象をこのカードにできる)
OP01-051,CHARACTER,ユースタス・キッド,8,特,8000,-,緑,超新星/キッド海賊団,【ドン‼×1】【相手のターン中】このキャラがレストの場合、相手はキャラの「ユースタス・キッド」以外にアタックできない。
OP01-051_p1,CHARACTER,ユースタス・キッド,8,特,8000,-,緑,超新星/キッド海賊団,【ドン‼×1】【相手のターン中】このキャラがレストの場合、相手はキャラの「ユースタス・キッド」以外にアタックできない。
OP01-051_p2,CHARACTER,ユースタス・キッド,8,特,8000,-,緑,超新星/キッド海賊団,【ドン!!×1】【相手のターン中】このキャラがレストの場合、相手はキャラの「ユースタス・キッド」以外にアタックできない。
OP01-052,CHARACTER,雷ぞう,3,斬,4000,1000,緑,ワノ国/赤鞘九人男,【アタック時】【ターン1回】自分のレストのキャラが2枚以上いる場合、カード1枚を引く。
OP01-053,CHARACTER,ワイヤー,2,斬,4000,1000,緑,キッド海賊団,-
OP01-054,CHARACTER,X・ドレーク,5,斬,6000,1000,緑,超新星/海軍/ドレーク海賊団,【登場時】相手のレストのコスト4以下のキャラ1枚までを、KOする。
OP01-055,EVENT,おれの”侍”になれ‼!,1,-,-,-,緑,ワノ国/光月家,【メイン】自分のキャラ2枚をレストにできる：カード2枚を引く。
OP01-056,EVENT,降魔の相,6,-,-,-,緑,超新星/ホーキンス海賊団,【メイン】相手のレストのコスト5以下のキャラ2枚までを、KOする。
OP01-057,EVENT,桃源白滝,1,-,-,-,緑,ワノ国/光月家,【カウンター】自分のリーダーかキャラ1枚までを、このバトル中、パワー+2000。その後、自分のキャラ1枚までを、アクティブにする。
OP01-058,EVENT,磁気弦,2,-,-,-,緑,超新星/キッド海賊団,【カウンター】自分のリーダーかキャラ1枚までを、このバトル中、パワー+4000。その後、相手のコスト4以下のキャラ1枚までを、レストにする。
OP01-059,EVENT,べべんっ‼,3,-,-,-,緑,ワノ国,【メイン】自分の手札から特徴《ワノ国》を持つカード1枚を捨てることができる：自分のコスト3以下の特徴《ワノ国》を持つキャラ1枚までを、アクティブにする。
OP01-060,LEADER,ドンキホーテ・ドフラミンゴ,5,特,5000,-,青,王下七武海/ドンキホーテ海賊団,【ドン‼×2】【アタック時】①(コストエリアのドン‼を指定の数レストにできる)：自分のデッキの一番上を公開し、そのカードがコスト4以下の特徴《王下七武海》を持つキャラカードの場合、レストで登場させてもよい。
OP01-060_p1,LEADER,ドンキホーテ・ドフラミンゴ,5,特,5000,-,青,王下七武海/ドンキホーテ海賊団,【ドン‼×2】【アタック時】①(コストエリアのドン‼を指定の数レストにできる)：自分のデッキの一番上を公開し、そのカードがコスト4以下の特徴《王下七武海》を持つキャラカードの場合、レストで登場させてもよい。
OP01-061,LEADER,カイドウ,4,打,5000,-,青/紫,四皇/百獣海賊団,【ドン‼×1】【自分のターン中】【ターン1回】相手のキャラがKOされた時、ドン‼デッキからドン‼1枚までを、アクティブで追加する。
OP01-061_p1,LEADER,カイドウ,4,打,5000,-,青/紫,四皇/百獣海賊団,【ドン‼×1】【自分のターン中】【ターン1回】相手のキャラがKOされた時、ドン‼デッキからドン‼1枚までを、アクティブで追加する。
OP01-062,LEADER,クロコダイル,4,特,5000,-,青/紫,王下七武海/B・W,【ドン‼×1】自分がイベントを発動した時、自分の手札が4枚以下でかつ、このターン中、このリーダーの効果でカードを引いていない場合、カード1枚を引くことができる。
OP01-062_p1,LEADER,クロコダイル,4,特,5000,-,青/紫,王下七武海/B・W,【ドン‼×1】自分がイベントを発動した時、自分の手札が4枚以下でかつ、このターン中、このリーダーの効果でカードを引いていない場合、カード1枚を引くことができる。
OP01-063,CHARACTER,アーロン,4,斬,5000,1000,青,魚人族/アーロン一味,【ドン‼×1】【起動メイン】このキャラをレストにできる：相手の手札1枚を選び、公開する。公開したカードがイベントの場合、相手のライフ1枚までを、持ち主のデッキの下に置く。
OP01-064,CHARACTER,アルビダ,2,打,3000,2000,青,バギー海賊団,【ドン‼×1】【アタック時】自分の手札1枚を捨てることができる：相手のコスト3以下のキャラ1枚までを、持ち主の手札に戻す。
OP01-064_p1,CHARACTER,アルビダ,2,打,3000,2000,青,バギー海賊団,【ドン!!×1】【アタック時】自分の手札1枚を捨てることができる：相手のコスト3以下のキャラ1枚までを、持ち主の手札に戻す。
OP01-065,CHARACTER,ヴェルゴ,5,打,7000,1000,青,海軍/ドンキホーテ海賊団/パンクハザード,-
OP01-066,CHARACTER,クリーク,4,斬,6000,1000,青,クリーク海賊団,-
OP01-067,CHARACTER,クロコダイル,7,特,7000,1000,青,王下七武海/B・W,【バニッシュ】(このカードがダメージを与えた場合、トリガーは発動せずそのカードはトラッシュに置かれる)
OP01-067_p1,CHARACTER,クロコダイル,7,特,7000,1000,青,王下七武海/B・W,【バニッシュ】(このカードがダメージを与えた場合、トリガーは発動せずそのカードはトラッシュに置かれる)
OP01-068,CHARACTER,ゲッコー・モリア,4,特,5000,1000,青,王下七武海/スリラーバーク海賊団,【自分のターン中】自分の手札が5枚以上の場合、このキャラは、【ダブルアタック】を得る。
OP01-069,CHARACTER,シーザー・クラウン,4,特,5000,1000,青,科学者/パンクハザード,【KO時】自分のデッキから「スマイリー」1枚までを、登場させ、デッキをシャッフルする。
OP01-070,CHARACTER,ジュラキュール・ミホーク,9,斬,9000,-,青,王下七武海,【登場時】コスト7以下のキャラ1枚までを、持ち主のデッキの下に置く。
OP01-070_p1,CHARACTER,ジュラキュール・ミホーク,9,斬,9000,-,青,王下七武海,【登場時】コスト7以下のキャラ1枚までを、持ち主のデッキの下に置く。
OP01-071,CHARACTER,ジンベエ,4,打,2000,-,青,魚人族/麦わらの一味,【登場時】コスト3以下のキャラ1枚までを、持ち主のデッキの下に置く。
OP01-072,CHARACTER,スマイリー,3,特,1000,1000,青,生物兵器/パンクハザード,【ドン‼×1】【自分のターン中】自分の手札1枚につき、このキャラはパワー+1000。
OP01-073,CHARACTER,ドンキホーテ・ドフラミンゴ,3,特,4000,1000,青,王下七武海/ドンキホーテ海賊団,【ブロッカー】(相手のアタックの後、このカードをレストにし、アタックの対象をこのカードにできる)
OP01-073_p1,CHARACTER,ドンキホーテ・ドフラミンゴ,3,特,4000,1000,青,王下七武海/ドンキホーテ海賊団,【ブロッカー】(相手のアタックの後、このカードをレストにし、アタックの対象をこのカードにできる)
OP01-074,CHARACTER,バーソロミュー・くま,4,打,5000,1000,青,王下七武海/革命軍,【ブロッカー】(相手のアタックの後、このカードをレストにし、アタックの対象をこのカードにできる)
OP01-075,CHARACTER,パシフィスタ,4,特,5000,-,青,生物兵器/海軍,ルール上、このカードはデッキに何枚でも入れる事ができる。
OP01-076,CHARACTER,ベラミー,2,打,4000,1000,青,ドレスローザ,-
OP01-077,CHARACTER,ペローナ,1,特,2000,1000,青,スリラーバーク海賊団,【登場時】自分のデッキの上から5枚を見て、好きな順番に並び変え、デッキの上か下に置く。
OP01-077_p1,CHARACTER,ペローナ,1,特,2000,1000,青,スリラーバーク海賊団,【登場時】自分のデッキの上から5枚を見て、好きな順番に並び変え、デッキの上か下に置く。
OP01-078,CHARACTER,ボア・ハンコック,4,特,5000,1000,青,王下七武海/九蛇海賊団,【ブロッカー】(相手のアタックの後、このカードをレストにし、アタックの対象をこのカードにできる)
OP01-078_p1,CHARACTER,ボア・ハンコック,4,特,5000,1000,青,王下七武海/九蛇海賊団,【ブロッカー】(相手のアタックの後、このカードをレストにし、アタックの対象をこのカードにできる)
OP01-078_p2,CHARACTER,ボア・ハンコック,4,特,5000,1000,青,王下七武海/九蛇海賊団,【ブロッカー】(相手のアタックの後、このカードをレストにし、アタックの対象をこのカードにできる)
OP01-079,CHARACTER,ミス・オールサンデー,3,打,1000,1000,青,B・W,【ブロッカー】(相手のアタックの後、このカードをレストにし、アタックの対象をこのカードにできる)
OP01-080,CHARACTER,ミス・ダブルフィンガー(ザラ),3,斬,4000,1000,青,B・W,【KO時】カード1枚を引く。
OP01-081,CHARACTER,モチャ,3,打,5000,1000,青,パンクハザード,-
OP01-082,CHARACTER,モネ,2,特,3000,1000,青,パンクハザード/ドンキホーテ海賊団,-
OP01-083,CHARACTER,Mr.1(ダズ・ボーネス),2,斬,3000,1000,青,B・W,【ドン‼×1】【自分のターン中】自分のリーダーが特徴《B・W》を持つ場合、自分のトラッシュにあるイベント2枚につき、このキャラはパワー+1000。
OP01-084,CHARACTER,Mr.2ボン・クレー(ベンサム),3,打,4000,2000,青,B・W,【ドン‼×1】【アタック時】自分のデッキの上から5枚を見て、特徴《B・W》を持つイベント1枚までを公開し、手札に加える。その後、残りを好きな順番でデッキの下に置く。
OP01-085,CHARACTER,Mr.3(ギャルディーノ),2,特,3000,1000,青,B・W,【登場時】自分のリーダーが特徴《B・W》を持つ場合、相手のコスト4以下のキャラ1枚までを選ぶ。次の相手のターン終了時まで、選んだキャラはアタックできない。
OP01-086,EVENT,超過鞭糸,2,-,-,-,青,王下七武海/ドンキホーテ海賊団,【カウンター】自分のリーダーかキャラ1枚までを、このバトル中、パワー+4000。その後、アクティブのコスト3以下のキャラ1枚までを、持ち主の手札に戻す。
OP01-087,EVENT,オフィサーエージェント,2,-,-,-,青,B・W,【カウンター】自分の手札からコスト3以下の特徴《B・W》を持つキャラカード1枚までを、登場させる。
OP01-088,EVENT,砂漠の宝刀,1,-,-,-,青,王下七武海/B・W,【カウンター】自分のリーダーかキャラ1枚までを、このバトル中、パワー+2000。その後、自分のデッキの上から3枚を見て、好きな順番に並び変え、デッキの上か下に置く。
OP01-089,EVENT,三日月形砂丘,3,-,-,-,青,王下七武海/B・W,【カウンター】自分のリーダーが特徴《王下七武海》を持つ場合、コスト5以下のキャラ1枚までを、持ち主の手札に戻す。
OP01-090,EVENT,バロックワークス,1,-,-,-,青,B・W,【メイン】自分のデッキの上から5枚を見て、「バロックワークス」以外の特徴《B・W》を持つカード1枚までを公開し、手札に加える。その後、残りを好きな順番でデッキの下に置く。
OP01-091,LEADER,キング,5,特,5000,-,紫,百獣海賊団,【自分のターン中】自分の場にドン‼が10枚ある場合、相手のキャラすべてを、パワー-1000。
OP01-091_p1,LEADER,キング,5,特,5000,-,紫,百獣海賊団,【自分のターン中】自分の場にドン‼が10枚ある場合、相手のキャラすべてを、パワー-1000。
OP01-092,CHARACTER,浦島,7,打,9000,1000,紫,ワノ国,-
OP01-093,CHARACTER,うるティ,2,打,3000,-,紫,百獣海賊団,【登場時】①(コストエリアのドン‼を指定の数レストにできる)：ドン‼デッキからドン‼1枚までを、レストで追加する。
OP01-093_p1,CHARACTER,うるティ,2,打,3000,-,紫,百獣海賊団,【登場時】①(コストエリアのドン‼を指定の数レストにできる)：ドン‼デッキからドン‼1枚までを、レストで追加する。
OP01-094,CHARACTER,カイドウ,10,打,12000,-,紫,四皇/百獣海賊団,【登場時】ドン‼-6(自分の場のドン‼を指定の数ドン‼デッキに戻すことができる)：自分のリーダーが特徴《百獣海賊団》を持つ場合、このキャラ以外のキャラすべてを、KOする。
OP01-094_p1,CHARACTER,カイドウ,10,打,12000,-,紫,四皇/百獣海賊団,【登場時】ドン‼-6(自分の場のドン‼を指定の数ドン‼デッキに戻すことができる)：自分のリーダーが特徴《百獣海賊団》を持つ場合、このキャラ以外のキャラすべてを、KOする。
OP01-095,CHARACTER,狂死郎,5,斬,6000,1000,紫,ワノ国,【登場時】自分の場にドン‼が8枚以上ある場合、カード1枚を引く。
OP01-096,CHARACTER,キング,7,特,7000,-,紫,百獣海賊団,【登場時】ドン‼-2(自分の場のドン‼を指定の数ドン‼デッキに戻すことができる)：相手のコスト3以下のキャラ1枚までと、相手のコスト2以下のキャラ1枚までを、KOする。
OP01-096_p1,CHARACTER,キング,7,特,7000,-,紫,百獣海賊団,【登場時】ドン‼-2(自分の場のドン‼を指定の数ドン‼デッキに戻すことができる)：相手のコスト3以下のキャラ1枚までと、相手のコスト2以下のキャラ1枚までを、KOする。
OP01-097,CHARACTER,クイーン,6,打,5000,1000,紫,百獣海賊団,【登場時】ドン‼-1(自分の場のドン‼を指定の数ドン‼デッキに戻すことができる)：このキャラは、このターン中、【速攻】を得る。その後、相手のキャラ1枚までを、このターン中、パワー-2000。
OP01-097_p1,CHARACTER,クイーン,6,打,5000,1000,紫,百獣海賊団,【登場時】ドン‼-1(自分の場のドン‼を指定の数ドン‼デッキに戻すことができる)：このキャラは、このターン中、【速攻】を得る。その後、相手のキャラ1枚までを、このターン中、パワー-2000。
OP01-098,CHARACTER,黒炭オロチ,1,知,2000,2000,紫,ワノ国/黒炭家,【登場時】自分のデッキから「人造悪魔の実SMILE」1枚までを公開し、手札に加え、デッキをシャッフルする。
OP01-099,CHARACTER,黒炭せみ丸,2,特,3000,1000,紫,ワノ国/黒炭家,自分の「黒炭せみ丸」以外の特徴《黒炭家》を持つキャラは、バトルでKOされない。
OP01-100,CHARACTER,黒炭ひぐらし,2,特,3000,1000,紫,ワノ国/黒炭家,【ブロッカー】(相手のアタックの後、このカードをレストにし、アタックの対象をこのカードにできる)
OP01-101,CHARACTER,ササキ,3,斬,4000,2000,紫,百獣海賊団,【ドン‼×1】【アタック時】自分の手札1枚を捨てることができる：ドン‼デッキからドン‼1枚までをレストで追加する。
OP01-102,CHARACTER,ジャック,3,打,4000,1000,紫,百獣海賊団,【アタック時】ドン‼-1(自分の場のドン‼を指定の数ドン‼デッキに戻すことができる)：相手は自身の手札1枚を捨てる。
OP01-102_p1,CHARACTER,ジャック,3,打,4000,1000,紫,百獣海賊団,【アタック時】ドン‼-1(自分の場のドン‼を指定の数ドン‼デッキに戻すことができる)：相手は自身の手札1枚を捨てる。
OP01-103,CHARACTER,スクラッチメン・アプー,4,射,6000,1000,紫,百獣海賊団/オンエア海賊団,-
OP01-104,CHARACTER,スピード,2,打,3000,1000,紫,百獣海賊団/SMILE,-
OP01-105,CHARACTER,バオファン,2,知,3000,1000,紫,百獣海賊団/SMILE,【登場時】相手の手札2枚を選び、公開する。
OP01-106,CHARACTER,バジル・ホーキンス,4,斬,2000,1000,紫,百獣海賊団/ホーキンス海賊団,【登場時】ドン‼デッキからドン‼1枚までをレストで追加する。
OP01-107,CHARACTER,ババヌキ,5,射,7000,1000,紫,百獣海賊団/SMILE,-
OP01-108,CHARACTER,人斬り鎌ぞう,4,斬,5000,1000,紫,超新星/キッド海賊団/SMILE,【KO時】ドン‼-1(自分の場のドン‼を指定の数ドン‼デッキに戻すことができる)：相手のコスト5以下のキャラ1枚までを、KOする。
OP01-109,CHARACTER,フーズ・フー,2,斬,3000,1000,紫,百獣海賊団,【ドン‼×1】【自分のターン中】自分の場にドン‼が8枚以上ある場合、このキャラはパワー+1000。
OP01-109_p1,CHARACTER,フーズ・フー,2,斬,3000,1000,紫,百獣海賊団,【ドン!!×1】【自分のターン中】自分の場にドン!!が8枚以上ある場合、このキャラはパワー+1000。
OP01-110,CHARACTER,福ロクジュ,6,特,8000,1000,紫,ワノ国/百獣海賊団,-
OP01-111,CHARACTER,ブラックマリア,4,特,5000,1000,紫,百獣海賊団,【ブロッカー】(相手のアタックの後、このカードをレストにし、アタックの対象をこのカードにできる)
OP01-112,CHARACTER,ページワン,4,打,5000,1000,紫,百獣海賊団,【起動メイン】【ターン1回】ドン‼-1(自分の場のドン‼を指定の数ドン‼デッキに戻すことができる)：このキャラは、このターン中、相手のアクティブのキャラにもアタックできる。
OP01-113,CHARACTER,ホールデム,3,特,4000,1000,紫,百獣海賊団/SMILE,【KO時】ドン‼デッキからドン‼1枚までをレストで追加する。
OP01-114,CHARACTER,X・ドレーク,5,斬,5000,2000,紫,海軍/ドレーク海賊団/百獣海賊団,【登場時】ドン‼-1(自分の場のドン‼を指定の数ドン‼デッキに戻すことができる)：相手は自身の手札1枚を捨てる。
OP01-115,EVENT,象の鼻息,4,-,-,-,紫,百獣海賊団/SMILE,【メイン】相手のコスト2以下のキャラ1枚までを、KOし、ドン‼デッキからドン‼1枚までをアクティブで追加する。
OP01-116,EVENT,人造悪魔の実SMILE,2,-,-,-,紫,百獣海賊団/SMILE,【メイン】自分のデッキの上から5枚を見て、コスト3以下の特徴《SMILE》を持つキャラカード1枚までを、登場させる。その後、残りを好きな順番でデッキの下に置く。
OP01-117,EVENT,シープスホーン,2,-,-,-,紫,百獣海賊団/SMILE,【メイン】ドン‼-1(自分の場のドン‼を指定の数ドン‼デッキに戻すことができる)：相手のコスト6以下のキャラ1枚までを、レストにする。
OP01-118,EVENT,ウル頭銃,1,-,-,-,紫,百獣海賊団,【カウンター】ドン‼-2(自分の場のドン‼を指定の数ドン‼デッキに戻すことができる)：自分のリーダーかキャラ1枚までを、このバトル中、パワー+2000。その後、カード1枚を引く。
OP01-119,EVENT,雷鳴八卦,2,-,-,-,紫,四皇/百獣海賊団,【カウンター】自分のリーダーかキャラ1枚までを、このバトル中、パワー+4000。その後、自分のライフが2枚以下の場合、ドン‼デッキからドン‼1枚までをレストで追加する。
OP01-120,CHARACTER,シャンクス,9,斬,10000,-,赤,四皇/赤髪海賊団,【速攻】(このカードは登場したターンにアタックできる)
OP01-120_p1,CHARACTER,シャンクス,9,斬,10000,-,赤,四皇/赤髪海賊団,【速攻】(このカードは登場したターンにアタックできる)
OP01-120_p2,CHARACTER,シャンクス,9,斬,10000,-,赤,四皇/赤髪海賊団,【速攻】(このカードは登場したターンにアタックできる)
OP01-121,CHARACTER,ヤマト,5,打,5000,1000,緑,ワノ国,ルール上、このカードはカード名を「光月おでん」としても扱う。
OP01-121_p1,CHARACTER,ヤマト,5,打,5000,1000,緑,ワノ国,ルール上、このカードはカード名を「光月おでん」としても扱う。
OP02-001,LEADER,エドワード・ニューゲート,6,特,6000,-,赤,四皇/白ひげ海賊団,【自分のターン終了時】自分のライフの上から1枚を手札に加える。
OP02-001_p1,LEADER,エドワード・ニューゲート,6,特,6000,-,赤,四皇/白ひげ海賊団,【自分のターン終了時】自分のライフの上から1枚を手札に加える。
OP02-002,LEADER,モンキー・D・ガープ,4,打,5000,-,赤/黒,海軍,【自分のターン中】このリーダーか自分のキャラにドン‼が付与された時、相手のコスト7以下のキャラ1枚までを、このターン中、コスト-1。
OP02-002_p1,LEADER,モンキー・D・ガープ,4,打,5000,-,赤/黒,海軍,【自分のターン中】このリーダーか自分のキャラにドン‼が付与された時、相手のコスト7以下のキャラ1枚までを、このターン中、コスト-1。
OP02-003,CHARACTER,アトモス,4,斬,6000,1000,赤,白ひげ海賊団,-
OP02-004,CHARACTER,エドワード・ニューゲート,9,特,10000,-,赤,四皇/白ひげ海賊団,【登場時】自分のリーダー1枚までを、次の自分のターン開始時まで、パワー+2000。その後、自分は、このターン中、自分の効果でライフを手札に加えられない。
OP02-004_p1,CHARACTER,エドワード・ニューゲート,9,特,10000,-,赤,四皇/白ひげ海賊団,【登場時】自分のリーダー1枚までを、次の自分のターン開始時まで、パワー+2000。その後、自分は、このターン中、自分の効果でライフを手札に加えられない。
OP02-004_p2,CHARACTER,エドワード・ニューゲート,9,特,10000,-,赤,四皇/白ひげ海賊団,【登場時】自分のリーダー1枚までを、次の自分のターン開始時まで、パワー+2000。その後、自分は、このターン中、自分の効果でライフを手札に加えられない。
OP02-005,CHARACTER,カーリー・ダダン,2,斬,3000,1000,赤,山賊,【登場時】自分のデッキの上から5枚までを見て、コスト1の赤のキャラ1枚までを公開し、手札に加える。その後、残りを好きな順番でデッキの下に置く。
OP02-006,CHARACTER,キングデュー,5,打,7000,1000,赤,白ひげ海賊団,-
OP02-007,CHARACTER,サッチ,6,知,8000,1000,赤,白ひげ海賊団,-
OP02-008,CHARACTER,ジョズ,4,打,4000,2000,赤,白ひげ海賊団,【ドン‼×1】自分のライフが2枚以下でかつ、自分のリーダーが『白ひげ海賊団』を含む特徴を持つ場合、このキャラは【速攻】を得る。
OP02-009,CHARACTER,スクアード,3,斬,5000,-,赤,白ひげ海賊団傘下,【登場時】自分のリーダーが『白ひげ海賊団』を含む特徴を持つ場合、相手のキャラ1枚までを、このターン中、パワー-4000し、自分のライフの上から1枚を手札に加える。
OP02-009_p1,CHARACTER,スクアード,3,斬,5000,-,赤,白ひげ海賊団傘下,【登場時】自分のリーダーが『白ひげ海賊団』を含む特徴を持つ場合、相手のキャラ1枚までを、このターン中、パワー-4000し、自分のライフの上から1枚を手札に加える。
OP02-010,CHARACTER,ドグラ,1,斬,2000,1000,赤,山賊,【起動メイン】このキャラをレストにできる：自分の手札から「ドグラ」以外のコスト1の赤のキャラ1枚までを、登場させる。
OP02-011,CHARACTER,ビスタ,3,斬,3000,1000,赤,白ひげ海賊団,【登場時】相手のパワー3000以下のキャラ1枚までを、KOする。
OP02-012,CHARACTER,ブレンハイム,2,斬,3000,-,赤,白ひげ海賊団,【ブロッカー】(相手のアタックの後、このカードをレストにし、アタックの対象をこのカードにできる)
OP02-013,CHARACTER,ポートガス・D・エース,7,特,7000,-,赤,白ひげ海賊団,【登場時】相手のキャラ2枚までを、このターン中、パワー-3000。その後、自分のリーダーが『白ひげ海賊団』を含む特徴を持つ場合、このキャラは、このターン中、【速攻】を得る。
OP02-013_p1,CHARACTER,ポートガス・D・エース,7,特,7000,-,赤,白ひげ海賊団,【登場時】相手のキャラ2枚までを、このターン中、パワー-3000。その後、自分のリーダーが『白ひげ海賊団』を含む特徴を持つ場合、このキャラは、このターン中、【速攻】を得る。
OP02-013_p2,CHARACTER,ポートガス・D・エース,7,特,7000,-,赤,白ひげ海賊団,【登場時】相手のキャラ2枚までを、このターン中、パワー-3000。その後、自分のリーダーが『白ひげ海賊団』を含む特徴を持つ場合、このキャラは、このターン中、【速攻】を得る。
OP02-014,CHARACTER,ホワイティベイ,1,斬,2000,1000,赤,白ひげ海賊団傘下,【ドン‼×1】このキャラは相手のアクティブのキャラにもアタックできる。
OP02-015,CHARACTER,マキノ,1,知,-,2000,赤,フーシャ村,【起動メイン】このキャラをレストにできる：自分のコスト1の赤のキャラ1枚までを、このターン中、パワー+3000。
OP02-016,CHARACTER,マグラ,1,斬,2000,1000,赤,山賊,【登場時】自分のコスト1の赤のキャラ1枚までを、このターン中、パワー+3000。
OP02-017,CHARACTER,マスクド・デュース,2,知,3000,2000,赤,スペード海賊団,【ドン‼×2】【アタック時】相手のパワー2000以下のキャラ1枚までを、KOする。
OP02-017_p1,CHARACTER,マスクド・デュース,2,知,3000,2000,赤,スペード海賊団,【ドン‼×2】【アタック時】相手のパワー2000以下のキャラ1枚までを、KOする。
OP02-018,CHARACTER,マルコ,4,特,5000,1000,赤,白ひげ海賊団,【ブロッカー】(相手のアタックの後、このカードをレストにし、アタックの対象をこのカードにできる)
OP02-018_p1,CHARACTER,マルコ,4,特,5000,1000,赤,白ひげ海賊団,【ブロッカー】(相手のアタックの後、このカードをレストにし、アタックの対象をこのカードにできる)
OP02-019,CHARACTER,ラクヨウ,3,打,4000,1000,赤,白ひげ海賊団,【ドン‼×1】【自分のターン中】自分の『白ひげ海賊団』を含む特徴を持つキャラすべてを、パワー+1000。
OP02-020,CHARACTER,リトルオーズJr.,7,打,9000,1000,赤,巨人族/白ひげ海賊団傘下,-
OP02-021,EVENT,海震,1,-,-,-,赤,四皇/白ひげ海賊団,【メイン】自分のリーダーが『白ひげ海賊団』を含む特徴を持つ場合、相手のパワー3000以下のキャラ1枚までを、KOする。
OP02-022,EVENT,白ひげ海賊団,1,-,-,-,赤,白ひげ海賊団,【メイン】自分のデッキの上から5枚を見て、『白ひげ海賊団』を含む特徴を持つキャラカード1枚までを公開し、手札に加える。その後、残りを好きな順番でデッキの下に置く。
OP02-023,EVENT,バカな息子をそれでも愛そう…,1,-,-,-,赤,四皇/白ひげ海賊団,【メイン】自分のライフが3以下の場合、自分は、このターン中、自分の効果でライフを手札に加えられない。
OP02-024,STAGE,モビー・ディック号,2,-,-,-,赤,白ひげ海賊団,【自分のターン中】自分のライフが1枚以下の場合、自分の「エドワード・ニューゲート」と『白ひげ海賊団』を含む特徴を持つキャラすべてを、パワー+2000。
OP02-025,LEADER,錦えもん,5,斬,5000,-,緑,ワノ国/赤鞘九人男,【起動メイン】【ターン1回】自分のキャラが1枚以下の場合、このターン中、次に自分が手札から登場させるコスト3以上の特徴《ワノ国》を持つキャラカードの支払うコストは1少なくなる。
OP02-025_p1,LEADER,錦えもん,5,斬,5000,-,緑,ワノ国/赤鞘九人男,【起動メイン】【ターン1回】自分のキャラが1枚以下の場合、このターン中、次に自分が手札から登場させるコスト3以上の特徴《ワノ国》を持つキャラカードの支払うコストは1少なくなる。
OP02-026,LEADER,サンジ,4,打,5000,-,緑/青,麦わらの一味,【ターン1回】自分が元々の効果のないキャラを手札から登場させた時、自分のキャラが3枚以下の場合、自分のドン‼2枚までを、アクティブにする。
OP02-026_p1,LEADER,サンジ,4,打,5000,-,緑/青,麦わらの一味,【ターン1回】自分が元々の効果のないキャラを手札から登場させた時、自分のキャラが3枚以下の場合、自分のドン‼2枚までを、アクティブにする。
OP02-027,CHARACTER,イヌアラシ,3,斬,4000,1000,緑,ミンク族/ワノ国/赤鞘九人男,自分のドン‼すべてがレストの場合、このキャラは相手の効果で場を離れない。
OP02-028,CHARACTER,ウソップ,3,射,5000,1000,緑,FILM/麦わらの一味,-
OP02-029,CHARACTER,キャロット,5,特,5000,2000,緑,ミンク族,【自分のターン終了時】自分のドン‼1枚までを、アクティブにする。
OP02-030,CHARACTER,光月おでん,8,斬,8000,-,緑,ワノ国/光月家,【起動メイン】【ターン1回】③(コストエリアのドン‼を指定の数レストにできる)：このキャラをアクティブにする。
OP02-030_p1,CHARACTER,光月おでん,8,斬,8000,-,緑,ワノ国/光月家,【起動メイン】【ターン1回】③(コストエリアのドン‼を指定の数レストにできる)：このキャラをアクティブにする。
OP02-031,CHARACTER,光月トキ,1,知,-,1000,緑,ワノ国/光月家,自分のキャラの「光月おでん」がいる場合、このキャラは【ブロッカー】を得る。
OP02-031_p1,CHARACTER,光月トキ,1,知,-,1000,緑,ワノ国/光月家,自分のキャラの「光月おでん」がいる場合、このキャラは【ブロッカー】を得る。
OP02-032,CHARACTER,シシリアン,2,斬,3000,1000,緑,ミンク族,【登場時】②(コストエリアのドン‼を指定の数レストにできる)：自分のコスト5以下の特徴《ミンク族》を持つキャラ1枚までを、アクティブにする。
OP02-033,CHARACTER,ジンベエ,2,打,4000,1000,緑,FILM/魚人族/麦わらの一味,-
OP02-034,CHARACTER,トニートニー・チョッパー,2,知,2000,2000,緑,FILM/動物/麦わらの一味,【ドン‼×1】【アタック時】相手のコスト2以下のキャラ1枚までを、レストにする。
OP02-035,CHARACTER,トラファルガー・ロー,2,斬,3000,1000,緑,FILM/超新星/ハートの海賊団,【起動メイン】➀(コストエリアのドン‼を指定の数レストにできる)，このキャラを持ち主の手札に戻すことができる：自分の手札からコスト3のキャラ1枚までを、登場させる。
OP02-035_p1,CHARACTER,トラファルガー・ロー,2,斬,3000,1000,緑,FILM/超新星/ハートの海賊団,【起動メイン】➀(コストエリアのドン‼を指定の数レストにできる)，このキャラを持ち主の手札に戻すことができる：自分の手札からコスト3のキャラ1枚までを、登場させる。
OP02-036,CHARACTER,ナミ,3,特,5000,-,緑,FILM/麦わらの一味,【登場時】/【アタック時】➀(コストエリアのドン‼を指定の数レストにできる)：自分のデッキの上から3枚を見て、「ナミ」以外の特徴《FILM》を持つカード1枚までを公開し、手札に加える。その後、残りを好きな順番でデッキの下に置く。
OP02-036_p1,CHARACTER,ナミ,3,特,5000,-,緑,FILM/麦わらの一味,【登場時】/【アタック時】➀(コストエリアのドン‼を指定の数レストにできる)：自分のデッキの上から3枚を見て、「ナミ」以外の特徴《FILM》を持つカード1枚までを公開し、手札に加える。その後、残りを好きな順番でデッキの下に置く。
OP02-037,CHARACTER,ニコ・ロビン,3,打,4000,1000,緑,FILM/麦わらの一味,【登場時】自分の手札からコスト2以下の特徴《FILM》か《麦わらの一味》を持つキャラカード1枚までを、登場させる。
OP02-038,CHARACTER,ネコマムシ,3,斬,4000,-,緑,ミンク族/ワノ国/赤鞘九人男,【ブロッカー】(相手のアタックの後、このカードをレストにし、アタックの対象をこのカードにできる)
OP02-039,CHARACTER,フランキー,5,特,7000,1000,緑,FILM/麦わらの一味,-
OP02-040,CHARACTER,ブルック,4,斬,5000,1000,緑,FILM/麦わらの一味,【登場時】自分の手札からコスト3以下の特徴《FILM》か《麦わらの一味》を持つキャラカード1枚までを、登場させる。
OP02-041,CHARACTER,モンキー・Ｄ・ルフィ,7,打,7000,-,緑,FILM/超新星/麦わらの一味,【ブロッカー】(相手のアタックの後、このカードをレストにし、アタックの対象をこのカードにできる)
OP02-041_p1,CHARACTER,モンキー・Ｄ・ルフィ,7,打,7000,-,緑,FILM/超新星/麦わらの一味,【ブロッカー】(相手のアタックの後、このカードをレストにし、アタックの対象をこのカードにできる)
OP02-042,CHARACTER,ヤマト,4,打,6000,-,緑,ワノ国,ルール上、このカードはカード名を「光月おでん」としても扱う。
OP02-043,CHARACTER,ロロノア・ゾロ,4,斬,6000,1000,緑,FILM/超新星/麦わらの一味,-
OP02-044,CHARACTER,ワンダ,2,斬,3000,1000,緑,ミンク族,【登場時】自分の手札から「ワンダ」以外のコスト3以下の特徴《ミンク族》を持つキャラカード1枚までを、登場させる。
OP02-045,EVENT,三刀流　鬼斬り,3,-,-,-,緑,FILM/超新星/麦わらの一味,【カウンター】自分のリーダーかキャラ1枚までを、このバトル中、パワー+6000。その後、自分の手札からコスト3以下の元々の効果のないキャラカード1枚までを、登場させる。
OP02-046,EVENT,悪魔風脚　野獣肉シュート,2,-,-,-,緑,FILM/麦わらの一味,【メイン】相手のレストのコスト4以下のキャラ1枚までを、KOする。
OP02-047,EVENT,桃源十拳,1,-,-,-,緑,ワノ国/光月家,【メイン】相手のコスト4以下のキャラ1枚までを、レストにする。
OP02-048,STAGE,ワノ国,1,-,-,-,緑,ワノ国,【起動メイン】自分の手札から特徴《ワノ国》を持つカード1枚を捨て、このステージをレストにできる：自分のドン‼1枚までを、アクティブにする。
OP02-049,LEADER,エンポリオ・イワンコフ,5,特,5000,-,青,インペルダウン/革命軍,【自分のターン終了時】自分の手札が0枚の場合、カード2枚を引く。
OP02-049_p1,LEADER,エンポリオ・イワンコフ,5,特,5000,-,青,インペルダウン/革命軍,【自分のターン終了時】自分の手札が0枚の場合、カード2枚を引く。
OP02-050,CHARACTER,イナズマ,4,斬,5000,1000,青,インペルダウン/革命軍,自分の手札が1枚以下の場合、このキャラはパワー+2000。
OP02-051,CHARACTER,エンポリオ・イワンコフ,7,特,7000,-,青,インペルダウン/革命軍,【登場時】自分の手札が3枚になるようにカードを引き、自分の手札から、コスト6以下の青の特徴《インペルダウン》を持つキャラカード1枚までを、登場させる。
OP02-051_p1,CHARACTER,エンポリオ・イワンコフ,7,特,7000,-,青,インペルダウン/革命軍,【登場時】自分の手札が3枚になるようにカードを引き、自分の手札から、コスト6以下の青の特徴《インペルダウン》を持つキャラカード1枚までを、登場させる。
OP02-052,CHARACTER,カバジ,2,斬,3000,1000,青,バギー海賊団,【登場時】自分の「モージ」がいる場合、カード2枚を引き、自分の手札1枚を捨てる。
OP02-053,CHARACTER,クロコダイル,5,特,7000,1000,青,インペルダウン/元B・W,-
OP02-054,CHARACTER,ゲッコー・モリア,4,特,6000,1000,青,王下七武海/スリラーバーク海賊団,-
OP02-055,CHARACTER,ジュラキュール・ミホーク,6,斬,8000,1000,青,王下七武海,-
OP02-056,CHARACTER,ドンキホーテ・ドフラミンゴ,1,特,2000,-,青,王下七武海/ドンキホーテ海賊団,【登場時】自分のデッキの上から3枚を見て、好きな順番に並び替え、デッキの上か下に置く。
OP02-057,CHARACTER,バーソロミュー・くま,3,打,3000,1000,青,王下七武海/革命軍,【登場時】自分のデッキの上から2枚を見て、特徴《王下七武海》を持つカード1枚までを公開し、手札に加える。その後、残りを好きな順番に並び替え、デッキの上か下に置く。
OP02-058,CHARACTER,バギー,1,斬,2000,1000,青,インペルダウン/バギー海賊団,【登場時】自分のデッキの上から5枚を見て、「バギー」以外の青の特徴《インペルダウン》を持つカード1枚までを公開し、手札に加える。その後、残りを好きな順番でデッキの下に置く。
OP02-058_p1,CHARACTER,バギー,1,斬,2000,1000,青,インペルダウン/バギー海賊団,【登場時】自分のデッキの上から5枚を見て、「バギー」以外の青の特徴《インペルダウン》を持つカード1枚までを公開し、手札に加える。その後、残りを好きな順番でデッキの下に置く。
OP02-059,CHARACTER,ボア・ハンコック,4,特,5000,1000,青,インペルダウン/王下七武海/九蛇海賊団,【アタック時】カード1枚を引き、自分の手札1枚を捨てる。その後、自分の手札3枚までを捨てる。
OP02-059_p1,CHARACTER,ボア・ハンコック,4,特,5000,1000,青,インペルダウン/王下七武海/九蛇海賊団,【アタック時】カード1枚を引き、自分の手札1枚を捨てる。その後、自分の手札3枚までを捨てる。
OP02-060,CHARACTER,モージ,1,知,3000,1000,青,バギー海賊団,-
OP02-061,CHARACTER,モーリー,4,特,5000,1000,青,巨人族/革命軍,【アタック時】自分の手札が1枚以下の場合、相手は、このバトル中、コスト5以下のキャラの【ブロッカー】を発動できない。
OP02-062,CHARACTER,モンキー・Ｄ・ルフィ,6,打,7000,-,青,インペルダウン/麦わらの一味,【登場時】/【アタック時】自分の手札2枚を捨てることができる：コスト4以下のキャラ1枚までを、持ち主の手札に戻す。その後、このキャラは、このターン中、【ダブルアタック】を得る。
OP02-062_p1,CHARACTER,モンキー・Ｄ・ルフィ,6,打,7000,-,青,インペルダウン/麦わらの一味,【登場時】/【アタック時】自分の手札2枚を捨てることができる：コスト4以下のキャラ1枚までを、持ち主の手札に戻す。その後、このキャラは、このターン中、【ダブルアタック】を得る。
OP02-063,CHARACTER,Mr.1(ダズ・ボーネス),1,斬,1000,1000,青,インペルダウン/元B・W,【登場時】自分のトラッシュからコスト1の青のイベント1枚までを、手札に加える。
OP02-064,CHARACTER,Mr.2・ボン・クレー(ベンサム),5,打,5000,2000,青,インペルダウン/元B・W,【ドン‼×1】【アタック時】自分の手札1枚を捨てることができる：コスト2以下のキャラ1枚までを、持ち主のデッキの下に置く。その後、このバトル終了時、このキャラを持ち主のデッキの下に置く。
OP02-065,CHARACTER,Mr.3(ギャルディーノ),4,特,5000,1000,青,インペルダウン/元B・W,【ブロッカー】(相手のアタックの後、このカードをレストにし、アタックの対象をこのカードにできる)
OP02-066,EVENT,インペルダウンオールスター,1,-,-,-,青,インペルダウン,【メイン】自分の手札2枚を捨てることができる：自分のリーダーが特徴《インペルダウン》を持つ場合、カード2枚までを引く。
OP02-067,EVENT,唐草瓦正拳,2,-,-,-,青,魚人族/インペルダウン,【メイン】コスト4以下のキャラ1枚までを、持ち主の手札に戻す。
OP02-068,EVENT,ゴムゴムの雨,-,-,-,-,青,インペルダウン/麦わらの一味,【カウンター】自分の手札1枚を捨てることができる：自分のリーダーかキャラ1枚までを、このバトル中、パワー+3000。
OP02-069,EVENT,DEATH WINK,3,-,-,-,青,インペルダウン/革命軍,【カウンター】自分のリーダーかキャラ1枚までを、このバトル中、パワー+6000。その後、自分の手札が2枚になるようにカードを引く。
OP02-070,STAGE,ニューカマーランド,1,-,-,-,青,インペルダウン,【起動メイン】このステージをレストにできる：自分のリーダーが「エンポリオ・イワンコフ」の場合、カード1枚を引き、自分の手札1枚を捨てる。その後、自分の手札3枚までを捨てる。
OP02-071,LEADER,マゼラン,5,特,5000,-,紫,インペルダウン,【自分のターン中】【ターン1回】場のドン‼がドン‼デッキに戻された時、このリーダーは、このターン中、パワー+1000。
OP02-071_p1,LEADER,マゼラン,5,特,5000,-,紫,インペルダウン,【自分のターン中】【ターン1回】場のドン‼がドン‼デッキに戻された時、このリーダーは、このターン中、パワー+1000。
OP02-072,LEADER,ゼット,4,打,5000,-,紫/黒,FILM/NEO海軍,【アタック時】ドン‼-4(自分の場のドン‼を指定の数ドン‼デッキに戻すことができる)：相手のコスト3以下のキャラ1枚までを、KOする。その後、このリーダーは、このターン中、パワー+1000。
OP02-072_p1,LEADER,ゼット,4,打,5000,-,紫/黒,FILM/NEO海軍,【アタック時】ドン‼-4(自分の場のドン‼を指定の数ドン‼デッキに戻すことができる)：相手のコスト3以下のキャラ1枚までを、KOする。その後、このリーダーは、このターン中、パワー+1000。
OP02-073,CHARACTER,サディちゃん,3,知,3000,2000,紫,インペルダウン,【登場時】自分の手札から特徴《獄卒獣》を持つキャラカード1枚までを、登場させる。
OP02-073_p1,CHARACTER,サディちゃん,3,知,3000,2000,紫,インペルダウン,【登場時】自分の手札から特徴《獄卒獣》を持つキャラカード1枚までを、登場させる。
OP02-074,CHARACTER,サルデス,1,知,2000,1000,紫,インペルダウン,自分の「ブルゴリ」は【ブロッカー】を得る。
OP02-075,CHARACTER,シキ,2,斬,3000,2000,紫,FILM/金獅子海賊団,-
OP02-076,CHARACTER,シリュウ,4,斬,5000,1000,紫,インペルダウン,【登場時】ドン‼-1(自分の場のドン‼を指定の数ドン‼デッキに戻すことができる)：相手のコスト1以下のキャラ1枚までを、KOする。
OP02-077,CHARACTER,ソリティア,3,斬,5000,1000,紫,百獣海賊団/SMILE,-
OP02-078,CHARACTER,ダイフゴー,3,射,5000,-,紫,百獣海賊団/SMILE,【登場時】ドン‼-2(自分の場のドン‼を指定の数ドン‼デッキに戻すことができる)：自分の手札から「ダイフゴー」以外のコスト3以下の特徴《SMILE》を持つキャラカード1枚までを、登場させる。
OP02-079,CHARACTER,ダグラス・バレット,5,特,6000,1000,紫,FILM/海賊万博,【登場時】ドン‼-1(自分の場のドン‼を指定の数ドン‼デッキに戻すことができる)：相手のコスト4以下のキャラ1枚までを、レストにする。
OP02-080,CHARACTER,ドボン,2,打,4000,1000,紫,百獣海賊団/SMILE,-
OP02-081,CHARACTER,ドミノ,2,知,2000,1000,紫,インペルダウン,【ブロッカー】(相手のアタックの後、このカードをレストにし、アタックの対象をこのカードにできる)
OP02-082,CHARACTER,バーンディ・ワールド,8,打,8000,-,紫,ワールド海賊団,【起動メイン】ドン‼-8(自分の場のドン‼を指定の数ドン‼デッキに戻すことができる)：このキャラは、このターン中、パワー+792000。
OP02-083,CHARACTER,ハンニャバル,1,斬,2000,1000,紫,インペルダウン,【登場時】自分のデッキの上から5枚を見て、「ハンニャバル」以外の紫の特徴《インペルダウン》を持つカード1枚までを公開し、手札に加える。その後、残りを好きな順番でデッキの下に置く。
OP02-084,CHARACTER,ブルゴリ,1,斬,3000,1000,紫,動物/インペルダウン,-
OP02-085,CHARACTER,マゼラン,5,特,6000,-,紫,インペルダウン,【登場時】ドン‼-1(自分の場のドン‼を指定の数ドン‼デッキに戻すことができる)：相手は自身の場のドン‼1枚をドン‼デッキに戻す。
OP02-085_p1,CHARACTER,マゼラン,5,特,6000,-,紫,インペルダウン,【登場時】ドン‼-1(自分の場のドン‼を指定の数ドン‼デッキに戻すことができる)：相手は自身の場のドン‼1枚をドン‼デッキに戻す。
OP02-085_p2,CHARACTER,マゼラン,5,特,6000,-,紫,インペルダウン,【登場時】ドン‼-1(自分の場のドン‼を指定の数ドン‼デッキに戻すことができる)：相手は自身の場のドン‼1枚をドン‼デッキに戻す。
OP02-086,CHARACTER,ミノコアラ,4,打,5000,1000,紫,インペルダウン/獄卒獣,【ブロッカー】(相手のアタックの後、このカードをレストにし、アタックの対象をこのカードにできる)
OP02-086_p1,CHARACTER,ミノコアラ,4,打,5000,1000,紫,インペルダウン/獄卒獣,【ブロッカー】(相手のアタックの後、このカードをレストにし、アタックの対象をこのカードにできる)
OP02-087,CHARACTER,ミノタウロス,4,打,5000,1000,紫,インペルダウン/獄卒獣,【ダブルアタック】(このカードが与えるダメージは2になる)
OP02-088,CHARACTER,SPHINX,4,打,6000,1000,紫,動物/インペルダウン,-
OP02-089,EVENT,地獄の審判,2,-,-,-,紫,インペルダウン,【カウンター】ドン‼-1(自分の場のドン‼を指定の数ドン‼デッキに戻すことができる)：相手のリーダーかキャラ合計2枚までを、このターン中、パワー-3000。
OP02-090,EVENT,毒竜,1,-,-,-,紫,インペルダウン,【メイン】ドン‼-1(自分の場のドン‼を指定の数ドン‼デッキに戻すことができる)：相手のキャラ1枚までを、このターン中、パワー-3000。
OP02-091,EVENT,毒の道,3,-,-,-,紫,インペルダウン,【メイン】ドン‼デッキからドン‼1枚までをアクティブで追加する。
OP02-092,STAGE,インペルダウン,1,-,-,-,紫,インペルダウン,【起動メイン】自分の手札1枚を捨て、このステージをレストにできる：自分のデッキの上から3枚を見て、特徴《インペルダウン》を持つカード1枚までを公開し、手札に加える。その後、残りを好きな順番でデッキの下に置く。
OP02-093,LEADER,スモーカー,5,特,5000,-,黒,海軍,【ドン‼×1】【起動メイン】【ターン1回】相手のキャラ1枚までを、このターン中、コスト-1。その後、コスト0のキャラがいる場合、このリーダーは、このターン中、パワー+1000。
OP02-093_p1,LEADER,スモーカー,5,特,5000,-,黒,海軍,【ドン‼×1】【起動メイン】【ターン1回】相手のキャラ1枚までを、このターン中、コスト-1。その後、コスト0のキャラがいる場合、このリーダーは、このターン中、パワー+1000。
OP02-094,CHARACTER,イスカ,3,斬,4000,1000,黒,海軍,【ドン‼×1】【ターン1回】このキャラのバトルによって相手のキャラをKOした時、このキャラをアクティブにする。
OP02-095,CHARACTER,オニグモ,5,斬,6000,1000,黒,海軍,コスト0のキャラがいる場合、このキャラは【バニッシュ】を得る。
OP02-096,CHARACTER,クザン,4,特,5000,-,黒,海軍,【登場時】カード1枚を引く。
OP02-096_p1,CHARACTER,クザン,4,特,5000,-,黒,海軍,【登場時】カード1枚を引く。
OP02-097,CHARACTER,コーミル,1,斬,3000,1000,黒,海軍,-
OP02-098,CHARACTER,コビー,3,打,4000,1000,黒,海軍,【登場時】自分の手札1枚を捨てることができる：相手のコスト3以下のキャラ1枚までを、KOする。
OP02-098_p1,CHARACTER,コビー,3,打,4000,1000,黒,海軍,【登場時】自分の手札1枚を捨てることができる：相手のコスト3以下のキャラ1枚までを、KOする。
OP02-099,CHARACTER,サカズキ,6,特,7000,-,黒,海軍,【登場時】自分の手札1枚を捨てることができる：相手のコスト5以下のキャラ1枚までを、KOする。
OP02-099_p1,CHARACTER,サカズキ,6,特,7000,-,黒,海軍,【登場時】自分の手札1枚を捨てることができる：相手のコスト5以下のキャラ1枚までを、KOする。
OP02-099_p2,CHARACTER,サカズキ,6,特,7000,-,黒,海軍,【登場時】自分の手札1枚を捨てることができる：相手のコスト5以下のキャラ1枚までを、KOする。
OP02-100,CHARACTER,ジャンゴ,2,斬,3000,1000,黒,海軍,自分の「フルボディ」がいる場合、このキャラはバトルでKOされない。
OP02-101,CHARACTER,ストロベリー,4,斬,5000,-,黒,海軍,【アタック時】コスト0のキャラがいる場合、相手は、このバトル中、コスト5以下のキャラの【ブロッカー】を発動できない。
OP02-102,CHARACTER,スモーカー,3,特,4000,1000,黒,海軍,このキャラは効果でKOされない。
OP02-103,CHARACTER,センゴク,2,知,3000,2000,黒,海軍,【ドン‼×1】【アタック時】相手のキャラ1枚までを、このターン中、コスト-2。
OP02-104,CHARACTER,戦桃丸,2,斬,3000,1000,黒,海軍,-
OP02-105,CHARACTER,たしぎ,3,斬,5000,-,黒,海軍,【ドン‼×1】【アタック時】相手のキャラ1枚までを、このターン中、コスト-3。
OP02-105_p1,CHARACTER,たしぎ,3,斬,5000,-,黒,海軍,【ドン‼×1】【アタック時】相手のキャラ1枚までを、このターン中、コスト-3。
OP02-106,CHARACTER,つる,1,知,-,2000,黒,海軍,【登場時】相手のキャラ1枚までを、このターン中、コスト-2。
OP02-107,CHARACTER,ドーベルマン,2,打,4000,1000,黒,海軍,-
OP02-108,CHARACTER,ドンキホーテ・ロシナンテ,2,特,2000,1000,黒,海軍/ドンキホーテ海賊団,【ブロッカー】(相手のアタックの後、このカードをレストにし、アタックの対象をこのカードにできる)
OP02-108_p1,CHARACTER,ドンキホーテ・ロシナンテ,2,特,2000,1000,黒,海軍/ドンキホーテ海賊団,【ブロッカー】(相手のアタックの後、このカードをレストにし、アタックの対象をこのカードにできる)
OP02-109,CHARACTER,ハグワール・D・サウロ,4,打,6000,1000,黒,巨人族/海軍,-
OP02-110,CHARACTER,ヒナ,5,特,6000,1000,黒,海軍,【ブロッカー】(相手のアタックの後、このカードをレストにし、アタックの対象をこのカードにできる)
OP02-111,CHARACTER,フルボディ,2,打,3000,1000,黒,海軍,【アタック時】自分の「ジャンゴ」がいる場合、このバトル中、このカードのパワー+3000。
OP02-112,CHARACTER,ベルメール,1,射,1000,1000,黒,海軍,【起動メイン】このキャラをレストにできる：相手のキャラ1枚までを、このターン中、コスト-1。その後、自分のリーダーかキャラ1枚までを、このターン中、パワー+1000。
OP02-113,CHARACTER,ヘルメッポ,3,斬,3000,1000,黒,海軍,【アタック時】相手のキャラ1枚までを、このターン中、コスト-2。その後、コスト0のキャラがいる場合、このキャラは、このバトル中、パワー+2000。
OP02-114,CHARACTER,ボルサリーノ,4,特,5000,1000,黒,海軍,【相手のターン中】このキャラは効果でKOされず、パワー+1000。
OP02-114_p1,CHARACTER,ボルサリーノ,4,特,5000,1000,黒,海軍,【相手のターン中】このキャラは効果でKOされず、パワー+1000。
OP02-115,CHARACTER,モンキー・D・ガープ,2,打,3000,2000,黒,海軍,【ドン‼×2】【アタック時】相手のコスト0のキャラ1枚までを、KOする。
OP02-115_p1,CHARACTER,モンキー・D・ガープ,2,打,3000,2000,黒,海軍,【ドン‼×2】【アタック時】相手のコスト0のキャラ1枚までを、KOする。
OP02-116,CHARACTER,ヤマカジ,3,斬,5000,1000,黒,海軍,-
OP02-117,EVENT,氷河時代,1,-,-,-,黒,海軍,【メイン】相手のキャラ1枚までを、このターン中、コスト-5。
OP02-118,EVENT,八尺瓊勾玉,1,-,-,-,黒,海軍,【カウンター】自分の手札1枚を捨てることができる：自分のキャラ1枚までを選ぶ。選んだキャラは、このバトル中、KOされない。
OP02-119,EVENT,流星火山,2,-,-,-,黒,海軍,【メイン】相手のコスト1以下のキャラ1枚までを、KOする。
OP02-120,CHARACTER,ウタ,8,特,8000,-,紫,FILM,【登場時】ドン‼-2(自分の場のドン‼を指定の数ドン‼デッキに戻すことができる)：自分のリーダーとキャラすべてを、次の自分のターン開始時まで、パワー+1000。
OP02-120_p1,CHARACTER,ウタ,8,特,8000,-,紫,FILM,【登場時】ドン‼-2(自分の場のドン‼を指定の数ドン‼デッキに戻すことができる)：自分のリーダーとキャラすべてを、次の自分のターン開始時まで、パワー+1000。
OP02-121,CHARACTER,クザン,10,特,10000,-,黒,元海軍,【自分のターン中】相手のキャラすべてをコスト-5。
OP02-121_p1,CHARACTER,クザン,10,特,10000,-,黒,元海軍,【自分のターン中】相手のキャラすべてをコスト-5。
OP03-001,LEADER,ポートガス・D・エース,5,特,5000,-,赤,白ひげ海賊団,このリーダーがアタックした時かアタックされた時、自分の手札から任意の枚数イベントかステージカードを捨ててもよい。捨てたカード1枚につき、このリーダーは、このバトル中、パワー+1000。
OP03-001_p1,LEADER,ポートガス・D・エース,5,特,5000,-,赤,白ひげ海賊団,このリーダーがアタックした時かアタックされた時、自分の手札から任意の枚数イベントかステージカードを捨ててもよい。捨てたカード1枚につき、このリーダーは、このバトル中、パワー+1000。
OP03-001_p2,LEADER,ポートガス・D・エース,5,特,5000,-,赤,白ひげ海賊団,このリーダーがアタックした時かアタックされた時、自分の手札から任意の枚数イベントかステージカードを捨ててもよい。捨てたカード1枚につき、このリーダーは、このバトル中、パワー+1000。
OP03-002,CHARACTER,アディオ,4,射,5000,1000,赤,ODYSSEY,【ドン!!×1】【アタック時】相手は、このバトル中、パワー2000以下のキャラの【ブロッカー】を発動できない。
OP03-003,CHARACTER,イゾウ,1,射,2000,1000,赤,ワノ国/白ひげ海賊団,【登場時】自分のデッキの上から5枚を見て、「イゾウ」以外の『白ひげ海賊団』を含む特徴を持つカード1枚までを公開し、手札に加える。その後、残りを好きな順番でデッキの下に置く。
OP03-004,CHARACTER,クリエル,3,射,4000,1000,赤,白ひげ海賊団,このキャラは、登場したターン中、リーダーにアタックできない。
OP03-005,CHARACTER,サッチ,1,斬,2000,1000,赤,白ひげ海賊団,【起動メイン】【ターン1回】このキャラは、このターン中、パワー+2000。その後、このターン終了時、このキャラをトラッシュに置く。
OP03-006,CHARACTER,スピード・ジル,4,斬,6000,1000,赤,白ひげ海賊団,-
OP03-007,CHARACTER,ナミュール,3,打,5000,1000,赤,魚人族/白ひげ海賊団,-
OP03-008,CHARACTER,バギー,1,斬,3000,-,赤,バギー海賊団,このキャラは属性(斬)を持つカードとのバトルでKOされない。
OP03-009,CHARACTER,ハルタ,2,斬,3000,1000,赤,白ひげ海賊団,【起動メイン】【ターン1回】自分のリーダーかキャラ1枚にレストのドン!!1枚までを、付与する。
OP03-010,CHARACTER,フォッサ,2,斬,2000,1000,赤,白ひげ海賊団,【ブロッカー】(相手のアタックの後、このカードをレストにし、アタックの対象をこのカードにできる)
OP03-011,CHARACTER,ブラメンコ,2,打,3000,1000,赤,白ひげ海賊団,【ドン!!×1】【アタック時】相手のキャラ1枚までを、このターン中、パワー-2000。
OP03-012,CHARACTER,マーシャル・D・ティーチ,4,打,6000,-,赤,白ひげ海賊団,【アタック時】自分のパワー4000以上の赤のキャラ1枚をトラッシュに置くことができる：カード1枚を引く。その後、このキャラは、このバトル中、パワー+1000。
OP03-013,CHARACTER,マルコ,5,特,6000,1000,赤,白ひげ海賊団,【自分のターン中】【登場時】相手のパワー3000以下のキャラ1枚までを、KOする。
OP03-013_p1,CHARACTER,マルコ,5,特,6000,1000,赤,白ひげ海賊団,【自分のターン中】【登場時】相手のパワー3000以下のキャラ1枚までを、KOする。
OP03-014,CHARACTER,モンキー・D・ガープ,3,打,5000,-,赤,海軍,【アタック時】自分の手札からコスト1の赤のキャラカード1枚までを、登場させる。
OP03-015,CHARACTER,リム,3,知,2000,-,赤,ODYSSEY,【ブロッカー】(相手のアタックの後、このカードをレストにし、アタックの対象をこのカードにできる)
OP03-016,EVENT,炎帝,7,-,-,-,赤,白ひげ海賊団,【メイン】自分のリーダーが「ポートガス・D・エース」の場合、相手のパワー8000以下のキャラ1枚までを、KOし、自分のリーダーは、このターン中、【ダブルアタック】を得て、パワー+3000。
OP03-017,EVENT,十字火,2,-,-,-,赤,白ひげ海賊団,【メイン】/【カウンター】自分のリーダーが『白ひげ海賊団』を含む特徴を持つ場合、相手のキャラ1枚までを、このターン中、パワー-4000。
OP03-018,EVENT,火拳,3,-,-,-,赤,白ひげ海賊団,【メイン】自分の手札からイベント1枚を捨てることができる：相手の、パワー5000以下のキャラ1枚までとパワー4000以下のキャラ1枚までを、KOする。
OP03-018_p1,EVENT,火拳,3,-,-,-,赤,白ひげ海賊団,【メイン】自分の手札からイベント1枚を捨てることができる：相手の、パワー5000以下のキャラ1枚までとパワー4000以下のキャラ1枚までを、KOする。
OP03-019,EVENT,火達磨,2,-,-,-,赤,白ひげ海賊団,【メイン】自分のリーダーは、このターン中、パワー+4000。
OP03-020,STAGE,ストライカー,1,-,-,-,赤,白ひげ海賊団,"【起動メイン】②(コストエリアのドン!!を指定の数レストにできる),このステージをレストにできる：自分のリーダーが「ポートガス・D・エース」の場合、自分のデッキの上から5枚を見て、イベント1枚までを公開し、手札に加える。その後、残りを好きな順番でデッキの下に置く。"
OP03-021,LEADER,クロ,5,斬,5000,-,緑,東の海/クロネコ海賊団,"【起動メイン】③(コストエリアのドン!!を指定の数レストにできる),自分の特徴《東の海》を持つキャラ2枚をレストにできる　：このリーダーをアクティブにし、相手のコスト5以下のキャラ1枚までを、レストにする。"
OP03-021_p1,LEADER,クロ,5,斬,5000,-,緑,東の海/クロネコ海賊団,"【起動メイン】③(コストエリアのドン!!を指定の数レストにできる),自分の特徴《東の海》を持つキャラ2枚をレストにできる　：このリーダーをアクティブにし、相手のコスト5以下のキャラ1枚までを、レストにする。"
OP03-022,LEADER,アーロン,4,斬,5000,-,緑/黄,魚人族/東の海/アーロン一味,【ドン!!×2】【アタック時】①(コストエリアのドン!!を指定の数レストにできる)：自分の手札からコスト4以下の【トリガー】を持つキャラカード1枚までを、登場させる。
OP03-022_p1,LEADER,アーロン,4,斬,5000,-,緑/黄,魚人族/東の海/アーロン一味,【ドン!!×2】【アタック時】①(コストエリアのドン!!を指定の数レストにできる)：自分の手札からコスト4以下の【トリガー】を持つキャラカード1枚までを、登場させる。
OP03-023,CHARACTER,アルビダ,1,打,3000,1000,緑,東の海/アルビダ海賊団,-
OP03-024,CHARACTER,ギン,4,打,5000,1000,緑,東の海/クリーク海賊団,【登場時】自分のリーダーが特徴《東の海》を持つ場合、相手のコスト4以下のキャラ2枚までを、レストにする。
OP03-024_p1,CHARACTER,ギン,4,打,5000,1000,緑,東の海/クリーク海賊団,【登場時】自分のリーダーが特徴《東の海》を持つ場合、相手のコスト4以下のキャラ2枚までを、レストにする。
OP03-025,CHARACTER,クリーク,6,射,7000,-,緑,東の海/クリーク海賊団,【登場時】自分の手札1枚を捨てることができる：相手のレストのコスト4以下のキャラ2枚までを、KOする。
OP03-025_p1,CHARACTER,クリーク,6,射,7000,-,緑,東の海/クリーク海賊団,【登場時】自分の手札1枚を捨てることができる：相手のレストのコスト4以下のキャラ2枚までを、KOする。
OP03-026,CHARACTER,クロオビ,4,打,3000,1000,緑,魚人族/東の海/アーロン一味,【登場時】自分のリーダーが特徴《東の海》を持つ場合、相手のキャラ1枚までを、レストにする。
OP03-027,CHARACTER,シャム,3,斬,4000,1000,緑,東の海/クロネコ海賊団,【登場時】自分のリーダーが特徴《東の海》を持つ場合、相手のコスト2以下のキャラ1枚までを、レストにし、自分の「ブチ」がいない場合、自分の手札から「ブチ」1枚までを、登場させる。
OP03-028,CHARACTER,ジャンゴ,5,特,6000,-,緑,東の海/クロネコ海賊団,【登場時】以下から1つを選ぶ。
OP03-029,CHARACTER,チュウ,4,射,3000,1000,緑,魚人族/東の海/アーロン一味,【登場時】相手のレストのコスト4以下のキャラ1枚までを、KOする。
OP03-030,CHARACTER,ナミ,2,知,2000,1000,緑,東の海/アーロン一味,【登場時】自分のデッキの上から5枚を見て、「ナミ」以外の緑の特徴《東の海》を持つカード1枚までを公開し、手札に加える。その後、残りを好きな順番でデッキの下に置く。
OP03-031,CHARACTER,パール,2,打,2000,1000,緑,東の海/クリーク海賊団,【ブロッカー】(相手のアタックの後、このカードをレストにし、アタックの対象をこのカードにできる)
OP03-032,CHARACTER,バギー,3,斬,5000,-,緑,東の海/バギー海賊団,このキャラは、属性(斬)を持つカードとのバトルでKOされない。
OP03-033,CHARACTER,はっちゃん,4,斬,4000,2000,緑,魚人族/東の海/アーロン一味,-
OP03-034,CHARACTER,ブチ,4,斬,5000,1000,緑,東の海/クロネコ海賊団,【登場時】相手のレストのコスト2以下のキャラ1枚までを、KOする。
OP03-035,CHARACTER,モーム,2,打,4000,1000,緑,動物/東の海,-
OP03-036,EVENT,杓死,3,-,-,-,緑,東の海/クロネコ海賊団,【メイン】自分の特徴《東の海》を持つキャラ1枚をレストにできる：自分の「クロ」1枚までを、アクティブにする。
OP03-037,EVENT,歯ガム,1,-,-,-,緑,魚人族/東の海/アーロン一味,【メイン】自分の特徴《東の海》を持つキャラ1枚をレストにできる：相手のレストのコスト3以下のキャラ1枚までを、KOする。
OP03-038,EVENT,猛毒ガス弾『M・H・５』,1,-,-,-,緑,東の海/クリーク海賊団,【メイン】相手のコスト2以下のキャラ2枚までを、レストにする
OP03-039,EVENT,ワン・ツー・ジャンゴ,1,-,-,-,緑,東の海/クロネコ海賊団,【メイン】相手のコスト1以下のキャラ1枚までを、レストにする。その後、自分のキャラ1枚までを、このターン中、パワー+1000。
OP03-040,LEADER,ナミ,5,知,5000,-,青,東の海,ルール上、自分のデッキが0枚になった場合、自分は敗北する代わりに勝利する。
OP03-040_p1,LEADER,ナミ,5,知,5000,-,青,東の海,ルール上、自分のデッキが0枚になった場合、自分は敗北する代わりに勝利する。
OP03-041,CHARACTER,ウソップ,4,射,5000,-,青,東の海,【速攻】(このカードは登場したターンにアタックできる)
OP03-041_p1,CHARACTER,ウソップ,4,射,5000,-,青,東の海,【速攻】(このカードは登場したターンにアタックできる)
OP03-042,CHARACTER,ウソップ海賊団,1,知,-,1000,青,東の海,【登場時】自分のトラッシュの青の「ウソップ」1枚までを、手札に加える。
OP03-043,CHARACTER,ガイモン,2,知,-,1000,青,東の海,相手のライフにダメージを与えた時、自分のデッキの上から3枚をトラッシュに置いてもよい。そうした場合、このキャラをトラッシュに置く。
OP03-044,CHARACTER,カヤ,1,知,-,2000,青,東の海,【登場時】カード2枚を引き、自分の手札2枚を捨てる。
OP03-045,CHARACTER,カルネ,3,斬,3000,1000,青,東の海,【ブロッカー】(相手のアタックの後、このカードをレストにし、アタックの対象をこのカードにできる)
OP03-046,CHARACTER,ゲンゾウ,2,知,4000,1000,青,東の海,-
OP03-047,CHARACTER,ゼフ,5,打,6000,1000,青,東の海,【ドン!!×1】このキャラのアタックによって、相手のライフにダメージを与えた時、自分のデッキの上から7枚をトラッシュに置いてもよい。
OP03-047_p1,CHARACTER,ゼフ,5,打,6000,1000,青,東の海,【ドン!!×1】このキャラのアタックによって、相手のライフにダメージを与えた時、自分のデッキの上から7枚をトラッシュに置いてもよい。
OP03-048,CHARACTER,ノジコ,2,知,-,1000,青,東の海,【登場時】自分のリーダーが「ナミ」の場合、相手のコスト5以下のキャラ1枚までを、持ち主の手札に戻す。
OP03-049,CHARACTER,パティ,3,斬,5000,-,青,東の海,【登場時】自分のデッキが20枚以下の場合、コスト3以下のキャラ1枚までを、持ち主の手札に戻す。
OP03-050,CHARACTER,ブードル,2,知,-,1000,青,東の海,【ブロッカー】(相手のアタックの後、このカードをレストにし、アタックの対象をこのカードにできる)
OP03-051,CHARACTER,ベルメール,4,射,5000,1000,青,東の海/元海軍,【ドン!!×1】このキャラのアタックによって、相手のライフにダメージを与えた時、自分のデッキの上から7枚をトラッシュに置いてもよい。
OP03-052,CHARACTER,メリー,1,知,3000,1000,青,東の海,-
OP03-053,CHARACTER,ヨサク&ジョニー,1,斬,3000,-,青,東の海,【ドン!!×1】自分のデッキが20枚以下の場合、このキャラはパワー+2000。
OP03-054,EVENT,ウソーーップ輪ごーむっ!!!,1,-,-,-,青,東の海/麦わらの一味,【カウンター】自分のリーダーかキャラ1枚までを、このバトル中、パワー+2000。その後、自分のデッキの上から1枚をトラッシュに置いてもよい。
OP03-055,EVENT,ゴムゴムの大槌,1,-,-,-,青,東の海/麦わらの一味,【カウンター】自分の手札1枚を捨てることができる：自分のリーダー1枚までを、このバトル中、パワー+4000。その後、自分のデッキの上から2枚をトラッシュに置いてもよい。
OP03-056,EVENT,サンジのピラフ,3,-,-,-,青,東の海,【メイン】カード2枚を引く。
OP03-057,EVENT,三・千・世・界,4,-,-,-,青,東の海/麦わらの一味,【メイン】コスト5以下のキャラ1枚までを、持ち主のデッキの下に置く。
OP03-058,LEADER,アイスバーグ,5,知,5000,-,紫,W7/GC,このリーダーはアタックできない。
OP03-058_p1,LEADER,アイスバーグ,5,知,5000,-,紫,W7/GC,このリーダーはアタックできない。
OP03-059,CHARACTER,カク,5,斬,6000,1000,紫,W7/GC,【アタック時】ドン!!-1(自分の場のドン!!を指定の数ドン!!デッキに戻すことができる)：このキャラは、このバトル中、【バニッシュ】を得る。
OP03-060,CHARACTER,カリファ,4,知,4000,2000,紫,W7/GC,【アタック時】ドン!!-1(自分の場のドン!!を指定の数ドン!!デッキに戻すことができる)：カード2枚を引き、自分の手札1枚を捨てる。
OP03-061,CHARACTER,キウイ&モズ,2,斬,4000,1000,紫,W7/フランキー一家,-
OP03-062,CHARACTER,ココロ,1,知,2000,1000,紫,人魚族/W7,【登場時】自分のデッキの上から5枚を見て、「ココロ」以外の特徴《W7》を持つカード1枚までを公開し、手札に加える。その後、残りを好きな順番でデッキの下に置く。
OP03-063,CHARACTER,ザンバイ,3,斬,2000,-,紫,W7/フランキー一家,【ブロッカー】(相手のアタックの後、このカードをレストにし、アタックの対象をこのカードにできる)
OP03-064,CHARACTER,タイルストン,5,打,6000,1000,紫,W7/GC,【KO時】自分のリーダーが特徴《GC》を持つ場合、ドン!!デッキからドン!!1枚までを、レストで追加する。
OP03-065,CHARACTER,チムニー＆ゴンベ,2,知,2000,1000,紫,動物/W7,【ブロッカー】(相手のアタックの後、このカードをレストにし、アタックの対象をこのカードにできる)
OP03-066,CHARACTER,パウリー,5,打,6000,-,紫,W7/GC,【登場時】➁(コストエリアのドン!!を指定の数レストにできる)：ドン!!デッキからドン!!1枚までを、アクティブで追加する。その後、自分の場にドン!!が8枚以上ある場合、相手のコスト4以下のキャラ1枚までを、KOする。
OP03-066_p1,CHARACTER,パウリー,5,打,6000,-,紫,W7/GC,【登場時】➁(コストエリアのドン!!を指定の数レストにできる)：ドン!!デッキからドン!!1枚までを、アクティブで追加する。その後、自分の場にドン!!が8枚以上ある場合、相手のコスト4以下のキャラ1枚までを、KOする。
OP03-067,CHARACTER,ピープリー・ルル,5,射,5000,1000,紫,W7/GC,【ドン!!×1】【アタック時】自分のリーダーが特徴《GC》を持つ場合、ドン!!デッキからドン!!1枚までを、レストで追加する。
OP03-068,CHARACTER,ミノゼブラ,4,打,5000,1000,紫,インペルダウン/獄卒獣,【バニッシュ】(このカードがダメージを与えた場合、トリガーは発動せずそのカードはトラッシュに置かれる)
OP03-069,CHARACTER,ミノリノケロス,3,打,5000,-,紫,インペルダウン/獄卒獣,【KO時】自分のリーダーが特徴《インペルダウン》を持つ場合、カード2枚を引き、手札1枚を捨てる。
OP03-070,CHARACTER,モンキー・D・ルフィ,6,打,7000,-,紫,W7/麦わらの一味,【登場時】ドン!!-1(自分の場のドン!!を指定の数ドン!!デッキに戻すことができる)，自分の手札からコスト5のキャラカード1枚を捨てることができる：このキャラは、このターン中、【速攻】を得る。
OP03-071,CHARACTER,ロブ・ルッチ,5,打,6000,1000,紫,W7/GC,【アタック時】ドン!!-1(自分の場のドン!!を指定の数ドン!!デッキに戻すことができる)：相手のコスト5以下のキャラ1枚までを、レストにする。
OP03-072,EVENT,ゴムゴムのJET銃乱打,-,-,-,-,紫,W7/麦わらの一味,【カウンター】自分の手札1枚を捨てることができる：自分のリーダーかキャラ1枚までを、このバトル中、パワー+3000。
OP03-073,EVENT,船底解体斬り,1,-,-,-,紫,W7/フランキー一家,【メイン】ドン!!-1(自分の場のドン!!を指定の数ドン!!デッキに戻すことができる)：自分のリーダーが特徴《W7》を持つ場合、相手のコスト2以下のキャラ1枚までを、KOする。
OP03-074,EVENT,独楽結び,2,-,-,-,紫,W7/GC,【メイン】ドン!!-2(自分の場のドン!!を指定の数ドン!!デッキに戻すことができる)：相手のコスト4以下のキャラ1枚までを、持ち主のデッキの下に置く。
OP03-075,STAGE,ガレーラカンパニー,3,-,-,-,紫,W7/GC,【起動メイン】このステージをレストにできる：自分のリーダーが「アイスバーグ」の場合、ドン!!デッキからドン!!1枚までを、レストで追加する。
OP03-076,LEADER,ロブ・ルッチ,5,打,5000,-,黒,CP9,【自分のターン中】【ターン1回】自分の手札2枚を捨てることができる：相手のキャラがKOされた時、このリーダーをアクティブにする。
OP03-076_p1,LEADER,ロブ・ルッチ,5,打,5000,-,黒,CP9,【自分のターン中】【ターン1回】自分の手札2枚を捨てることができる：相手のキャラがKOされた時、このリーダーをアクティブにする。
OP03-077,LEADER,シャーロット・リンリン,4,特,5000,-,黒/黄,四皇/ビッグ・マム海賊団,"【ドン!!×2】【アタック時】②(コストエリアのドン!!を指定の数レストにできる),自分の手札1枚を捨てることができる：自分のライフが1枚以下の場合、デッキの上から1枚までを、ライフの上に加える。"
OP03-077_p1,LEADER,シャーロット・リンリン,4,特,5000,-,黒/黄,四皇/ビッグ・マム海賊団,"【ドン!!×2】【アタック時】②(コストエリアのドン!!を指定の数レストにできる),自分の手札1枚を捨てることができる：自分のライフが1枚以下の場合、デッキの上から1枚までを、ライフの上に加える。"
OP03-078,CHARACTER,イッショウ,8,斬,9000,-,黒,海軍,【ドン!!×1】【自分のターン中】相手のキャラすべてをコスト-3。
OP03-078_p1,CHARACTER,イッショウ,8,斬,9000,-,黒,海軍,【ドン!!×1】【自分のターン中】相手のキャラすべてをコスト-3。
OP03-079,CHARACTER,ヴェルゴ,5,打,5000,2000,黒,海軍/ドンキホーテ海賊団,【ドン!!×1】このキャラはバトルでKOされない。
OP03-080,CHARACTER,カク,5,斬,6000,1000,黒,CP9,【登場時】自分のトラッシュの『CP』を含む特徴を持つカード2枚を好きな順番でデッキの下に置くことができる：相手のコスト3以下のキャラ1枚までを、KOする。
OP03-080_p1,CHARACTER,カク,5,斬,6000,1000,黒,CP9,【登場時】自分のトラッシュの『CP』を含む特徴を持つカード2枚を好きな順番でデッキの下に置くことができる：相手のコスト3以下のキャラ1枚までを、KOする。
OP03-081,CHARACTER,カリファ,4,特,4000,2000,黒,CP9,【登場時】カード2枚を引き、自分の手札2枚を捨てる。その後、相手のキャラ1枚までを、このターン中、コスト-2。
OP03-081_p1,CHARACTER,カリファ,4,特,4000,2000,黒,CP9,【登場時】カード2枚を引き、自分の手札2枚を捨てる。その後、相手のキャラ1枚までを、このターン中、コスト-2。
OP03-082,CHARACTER,クマドリ,4,打,6000,1000,黒,CP9,-
OP03-083,CHARACTER,コーギー,1,知,-,1000,黒,世界政府,【登場時】自分のデッキの上から5枚を見て、カード2枚までを、トラッシュに置く。その後、残りを好きな順番でデッキの下に置く。
OP03-084,CHARACTER,ジェリー,2,打,4000,1000,黒,CP6,-
OP03-085,CHARACTER,ジャブラ,5,打,7000,1000,黒,CP9,-
OP03-086,CHARACTER,スパンダム,1,斬,2000,1000,黒,CP9,【登場時】自分のリーダーが『CP』を含む特徴を持つ場合、デッキの上から3枚を見て、「スパンダム」以外の『CP』を含む特徴を持つカード1枚までを公開し、手札に加える。その後、残りをトラッシュに置く。
OP03-086_p1,CHARACTER,スパンダム,1,斬,2000,1000,黒,CP9,【登場時】自分のリーダーが『CP』を含む特徴を持つ場合、デッキの上から3枚を見て、「スパンダム」以外の『CP』を含む特徴を持つカード1枚までを公開し、手札に加える。その後、残りをトラッシュに置く。
OP03-087,CHARACTER,ネロ,3,射,5000,1000,黒,CP9,-
OP03-088,CHARACTER,フクロウ,3,打,3000,1000,黒,CP9,このキャラは効果でKOされない。
OP03-089,CHARACTER,ブランニュー,2,知,3000,1000,黒,海軍,【登場時】自分のデッキの上から3枚を見て、「ブランニュー」以外の特徴《海軍》を持つカード1枚までを公開し、手札に加える。その後、残りをトラッシュに置く。
OP03-089_p1,CHARACTER,ブランニュー,2,知,3000,1000,黒,海軍,【登場時】自分のデッキの上から3枚を見て、「ブランニュー」以外の特徴《海軍》を持つカード1枚までを公開し、手札に加える。その後、残りをトラッシュに置く。
OP03-090,CHARACTER,ブルーノ,5,打,6000,1000,黒,CP9,【ドン!!×1】このキャラは【ブロッカー】を得る。
OP03-091,CHARACTER,ヘルメッポ,1,知,-,1000,黒,海軍,【登場時】相手の元々の効果のないキャラ1枚までを、このターン中、コスト0にする。
OP03-092,CHARACTER,ロブ・ルッチ,6,打,7000,-,黒,CP9,【登場時】自分のトラッシュの『CP』を含む特徴を持つカード2枚を好きな順番でデッキの下に置くことができる：このキャラは、このターン中、【速攻】を得る。
OP03-092_p1,CHARACTER,ロブ・ルッチ,6,打,7000,-,黒,CP9,【登場時】自分のトラッシュの『CP』を含む特徴を持つカード2枚を好きな順番でデッキの下に置くことができる：このキャラは、このターン中、【速攻】を得る。
OP03-093,CHARACTER,ワンゼ,2,斬,4000,-,黒,CP7,【登場時】自分の手札1枚を捨てることができる：自分のリーダーが『CP』を含む特徴を持つ場合、相手のコスト1以下のキャラ1枚までを、KOする。
OP03-094,EVENT,空気開扉,4,-,-,-,黒,CP9,【メイン】自分のリーダーが『CP』を含む特徴を持つ場合、自分のデッキの上から5枚を見て、コスト5以下の『CP』を含む特徴を持つキャラカード1枚までを、登場させる。その後、残りをトラッシュに置く。
OP03-095,EVENT,石鹼羊,1,-,-,-,黒,CP9,【メイン】相手のキャラ2枚までを、このターン中、コスト-2。
OP03-096,EVENT,嵐脚　周断,2,-,-,-,黒,CP9,【メイン】相手のコスト0のキャラか、相手のコスト3以下のステージ1枚までを、KOする。
OP03-097,EVENT,六王銃,-,-,-,-,黒,CP9,【カウンター】自分の手札1枚を捨てることができる：自分のリーダーかキャラ1枚までを、このバトル中、パワー+3000。
OP03-098,STAGE,エニエス・ロビー,2,-,-,-,黒,世界政府,【起動メイン】このステージをレストにできる：自分のリーダーが『CP』を含む特徴を持つ場合、相手のキャラ1枚までを、このターン中、コスト-2。
OP03-099,LEADER,シャーロット・カタクリ,5,打,5000,-,黄,ビッグ・マム海賊団,【ドン!!×1】【アタック時】自分か相手のライフの上から1枚までを見て、ライフの上か下に置く。その後、このリーダーは、このバトル中、パワー+1000。
OP03-099_p1,LEADER,シャーロット・カタクリ,5,打,5000,-,黄,ビッグ・マム海賊団,【ドン!!×1】【アタック時】自分か相手のライフの上から1枚までを見て、ライフの上か下に置く。その後、このリーダーは、このバトル中、パワー+1000。
OP03-100,CHARACTER,キングバーム,3,打,5000,-,黄,ビッグ・マム海賊団/ホーミーズ,-
OP03-101,CHARACTER,ケイミー,1,知,3000,1000,黄,人魚族,-
OP03-102,CHARACTER,サンジ,2,打,3000,2000,黄,ヴィンスモーク家,【ドン!!×2】【アタック時】自分のライフの上か下から1枚を手札に加えることができる：自分のデッキの上から1枚までを、ライフの上に加える。
OP03-102_p1,CHARACTER,サンジ,2,打,3000,2000,黄,ヴィンスモーク家,【ドン!!×2】【アタック時】自分のライフの上か下から1枚を手札に加えることができる：自分のデッキの上から1枚までを、ライフの上に加える。
OP03-103,CHARACTER,始末屋ボビン,2,斬,4000,1000,黄,ビッグ・マム海賊団,-
OP03-104,CHARACTER,シャーリー,3,知,3000,1000,黄,人魚族,【ブロッカー】(相手のアタックの後、このカードをレストにし、アタックの対象をこのカードにできる)
OP03-105,CHARACTER,シャーロット・オーブン,3,特,4000,1000,黄,ビッグ・マム海賊団,【ドン!!×1】【アタック時】自分の手札から【トリガー】を持つカード1枚を捨てることができる：このキャラは、このバトル中、パワー+3000。
OP03-106,CHARACTER,シャーロット・オペラ,4,特,6000,1000,黄,ビッグ・マム海賊団,-
OP03-107,CHARACTER,シャーロット・ガレット,2,特,2000,1000,黄,ビッグ・マム海賊団,【ブロッカー】(相手のアタックの後、このカードをレストにし、アタックの対象をこのカードにできる)
OP03-108,CHARACTER,シャーロット・クラッカー,4,斬,5000,1000,黄,ビッグ・マム海賊団,【ドン!!×1】自分のライフの枚数が相手より少ない場合、このキャラは【ダブルアタック】を得て、パワー+1000。
OP03-108_p1,CHARACTER,シャーロット・クラッカー,4,斬,5000,1000,黄,ビッグ・マム海賊団,【ドン!!×1】自分のライフの枚数が相手より少ない場合、このキャラは【ダブルアタック】を得て、パワー+1000。
OP03-109,CHARACTER,シャーロット・シフォン,2,知,3000,-,黄,ビッグ・マム海賊団,【登場時】自分のライフの上か下から1枚をトラッシュに置くことができる：自分のデッキの上から1枚までを、ライフの上に加える。
OP03-110,CHARACTER,シャーロット・スムージー,4,特,5000,1000,黄,ビッグ・マム海賊団,【アタック時】自分のライフの上か下から1枚を手札に加えることができる：このキャラは、このバトル中、パワー+2000。
OP03-111,CHARACTER,シャーロット・プラリネ,3,知,5000,1000,黄,人魚族/タイヨウの海賊団,-
OP03-112,CHARACTER,シャーロット・プリン,1,知,2000,1000,黄,ビッグ・マム海賊団,【登場時】自分のデッキの上から4枚を見て、「シャーロット・プリン」以外の特徴《ビッグ・マム海賊団》を持つカードか「サンジ」1枚までを公開し、手札に加える。その後、残りを好きな順番でデッキの下に置く。
OP03-112_p1,CHARACTER,シャーロット・プリン,1,知,2000,1000,黄,ビッグ・マム海賊団,【登場時】自分のデッキの上から4枚を見て、「シャーロット・プリン」以外の特徴《ビッグ・マム海賊団》を持つカードか「サンジ」1枚までを公開し、手札に加える。その後、残りを好きな順番でデッキの下に置く。
OP03-113,CHARACTER,シャーロット・ペロスペロー,3,特,5000,-,黄,ビッグ・マム海賊団,【KO時】自分のデッキの上から3枚を見て、特徴《ビッグ・マム海賊団》を持つカード1枚までを公開し、手札に加える。その後、残りを好きな順番でデッキの下に置く。
OP03-113_p1,CHARACTER,シャーロット・ペロスペロー,3,特,5000,-,黄,ビッグ・マム海賊団,【KO時】自分のデッキの上から3枚を見て、特徴《ビッグ・マム海賊団》を持つカード1枚までを公開し、手札に加える。その後、残りを好きな順番でデッキの下に置く。
OP03-114,CHARACTER,シャーロット・リンリン,10,特,12000,-,黄,四皇/ビッグ・マム海賊団,【登場時】自分のリーダーが特徴《ビッグ・マム海賊団》を持つ場合、自分のデッキの上から1枚までを、ライフの上に加える。その後、相手のライフの上から1枚までを、トラッシュに置く。
OP03-114_p1,CHARACTER,シャーロット・リンリン,10,特,12000,-,黄,四皇/ビッグ・マム海賊団,【登場時】自分のリーダーが特徴《ビッグ・マム海賊団》を持つ場合、自分のデッキの上から1枚までを、ライフの上に加える。その後、相手のライフの上から1枚までを、トラッシュに置く。
OP03-115,CHARACTER,シュトロイゼン,1,斬,1000,2000,黄,ビッグ・マム海賊団,【登場時】自分の手札から【トリガー】を持つカード1枚を捨てることができる：相手のコスト1以下のキャラ1枚までを、KOする。
OP03-116,CHARACTER,しらほし,5,知,-,1000,黄,人魚族,【登場時】カード3枚を引き、自分の手札2枚を捨てる。
OP03-117,CHARACTER,ナポレオン,3,斬,3000,1000,黄,ビッグ・マム海賊団/ホーミーズ,【起動メイン】このキャラをレストにできる：自分の「シャーロット・リンリン」1枚までを、次の自分のターン開始時まで、パワー+1000。
OP03-118,EVENT,威国,2,-,-,-,黄,四皇/ビッグ・マム海賊団,【カウンター】自分のリーダーかキャラ1枚までを、このバトル中、パワー+5000。
OP03-119,EVENT,斬・切・餅,2,-,-,-,黄,ビッグ・マム海賊団,【メイン】自分のライフが相手より少ない場合、相手のコスト4以下のキャラ1枚までを、KOする。
OP03-120,EVENT,熱海温泉,3,-,-,-,黄,ビッグ・マム海賊団,【メイン】相手のライフが4枚以上の場合、相手のライフの上から1枚までを、トラッシュに置く。
OP03-121,EVENT,雷霆,2,-,-,-,黄,四皇/ビッグ・マム海賊団,【メイン】自分のライフの上から1枚をトラッシュに置くことができる：相手のコスト5以下のキャラ1枚までを、KOする。
OP03-122,CHARACTER,そげキング,7,射,6000,1000,青,そげきの島,ルール上、このカードはカード名を「ウソップ」としても扱う。
OP03-122_p1,CHARACTER,そげキング,7,射,6000,1000,青,そげきの島,ルール上、このカードはカード名を「ウソップ」としても扱う。
OP03-122_p2,CHARACTER,そげキング,7,射,6000,1000,青,そげきの島,ルール上、このカードはカード名を「ウソップ」としても扱う。
OP03-123,CHARACTER,シャーロット・カタクリ,8,打,8000,-,黄,ビッグ・マム海賊団,【登場時】コスト8以下のキャラ1枚までを、持ち主のライフの上か下に表向きで加える。
OP03-123_p1,CHARACTER,シャーロット・カタクリ,8,打,8000,-,黄,ビッグ・マム海賊団,【登場時】コスト8以下のキャラ1枚までを、持ち主のライフの上か下に表向きで加える。
OP04-001,LEADER,ネフェルタリ・ビビ,5,斬,5000,-,赤/青,アラバスタ王国,このリーダーはアタックできない。
OP04-001_p1,LEADER,ネフェルタリ・ビビ,5,斬,5000,-,赤/青,アラバスタ王国,このリーダーはアタックできない。
OP04-002,CHARACTER,イガラム,2,射,3000,1000,赤,アラバスタ王国,【起動メイン】このキャラをレストにし、自分のアクティブのリーダー1枚を、このターン中、パワー-5000することができる：自分のデッキの上から5枚を見て、特徴《アラバスタ王国》を持つカード1枚までを公開し、手札に加える。その後、残りを好きな順番でデッキの下に置く。
OP04-003,CHARACTER,ウソップ,4,知,5000,1000,赤,アラバスタ王国/麦わらの一味,【KO時】相手の元々のパワーが5000以下のキャラ1枚までを、KOする。
OP04-004,CHARACTER,カルー,1,打,2000,1000,赤,動物/アラバスタ王国,【起動メイン】このキャラをレストにできる：自分の特徴《アラバスタ王国》を持つキャラすべてにレストのドン!!1枚ずつまでを、付与する。
OP04-005,CHARACTER,クンフージュゴン,1,打,1000,1000,赤,動物/アラバスタ王国,このキャラ以外の自分の「クンフージュゴン」がいる場合、このキャラは【ブロッカー】を得る。
OP04-006,CHARACTER,コーザ,3,斬,3000,2000,赤,アラバスタ王国,【アタック時】自分のアクティブのリーダー1枚を、このターン中、パワー-5000することができる：このキャラは、次の自分のターン開始時まで、パワー+2000。
OP04-007,CHARACTER,サンジ,1,打,3000,1000,赤,アラバスタ王国/麦わらの一味,-
OP04-008,CHARACTER,チャカ,3,斬,5000,-,赤,アラバスタ王国,【ドン!!×1】【アタック時】自分のリーダーが「ネフェルタリ・ビビ」の場合、相手のキャラ1枚までを、このターン中、パワー-3000。その後、相手のパワー0以下のキャラ1枚までを、KOする。
OP04-009,CHARACTER,超カルガモ部隊,2,打,3000,2000,赤,動物/アラバスタ王国,【アタック時】自分のアクティブのリーダー1枚を、このターン中、パワー-5000することができる：このターン終了時、このキャラを持ち主の手札に戻す。
OP04-010,CHARACTER,トニートニー・チョッパー,3,打,4000,1000,赤,動物/アラバスタ王国/麦わらの一味,【登場時】自分の手札からパワー3000以下の特徴《動物》を持つキャラカード1枚までを、登場させる。
OP04-011,CHARACTER,ナミ,2,知,3000,1000,赤,アラバスタ王国/麦わらの一味,【アタック時】自分のデッキの上から1枚を公開し、公開したカードがパワー6000以上のキャラカードだった場合、このキャラは、このターン中、パワー+3000。その後、公開したカードをデッキの下に置く。
OP04-012,CHARACTER,ネフェルタリ・コブラ,2,知,-,1000,赤,アラバスタ王国,【自分のターン中】このキャラ以外の自分の特徴《アラバスタ王国》を持つキャラすべてを、パワー+1000。
OP04-013,CHARACTER,ペル,5,斬,6000,-,赤,アラバスタ王国,【ドン!!×1】【アタック時】相手のパワー4000以下のキャラ1枚までを、KOする。
OP04-013_p1,CHARACTER,ペル,5,斬,6000,-,赤,アラバスタ王国,【ドン!!×1】【アタック時】相手のパワー4000以下のキャラ1枚までを、KOする。
OP04-014,CHARACTER,モンキー・D・ルフィ,8,打,9000,-,赤,アラバスタ王国/麦わらの一味,【バニッシュ】(このカードがダメージを与えた場合、トリガーは発動せずそのカードはトラッシュに置かれる)
OP04-015,CHARACTER,ロロノア・ゾロ,5,斬,6000,1000,赤,アラバスタ王国/麦わらの一味,【登場時】相手のキャラ1枚までを、このターン中、パワー-2000。
OP04-016,EVENT,反行儀キックコース,-,-,-,-,赤,アラバスタ王国/麦わらの一味,【カウンター】自分の手札1枚を捨てることができる：自分のリーダーかキャラ1枚までを、このバトル中、パワー+3000。
OP04-017,EVENT,幸せパンチ,1,-,-,-,赤,アラバスタ王国/麦わらの一味,【カウンター】相手のリーダーかキャラ1枚までを、このターン中、パワー-2000。その後、自分のリーダーがアクティブの場合、相手のリーダーかキャラ1枚までを、このターン中、パワー-1000。
OP04-018,EVENT,魅惑のメマーイダンス,3,-,-,-,赤,アラバスタ王国,【メイン】自分のリーダーが特徴《アラバスタ王国》を持つ場合、相手のキャラ2枚までを、このターン中、パワー-2000。
OP04-019,LEADER,ドンキホーテ・ドフラミンゴ,4,特,5000,-,緑/紫,王下七武海/ドンキホーテ海賊団,【自分のターン終了時】自分のドン!!2枚までを、アクティブにする。
OP04-019_p1,LEADER,ドンキホーテ・ドフラミンゴ,4,特,5000,-,緑/紫,王下七武海/ドンキホーテ海賊団,【自分のターン終了時】自分のドン!!2枚までを、アクティブにする。
OP04-020,LEADER,イッショウ,4,特,5000,-,緑/黒,海軍,【ドン!!×1】【自分のターン中】相手のキャラすべてを、コスト-1。
OP04-020_p1,LEADER,イッショウ,4,特,5000,-,緑/黒,海軍,【ドン!!×1】【自分のターン中】相手のキャラすべてを、コスト-1。
OP04-021,CHARACTER,ヴィオラ,3,特,3000,2000,緑,ドンキホーテ海賊団,【相手のアタック時】➁(コストエリアのドン!!を指定の数レストにできる)：相手のドン!!1枚までを、レストにする。
OP04-022,CHARACTER,エリック,1,斬,2000,1000,緑,東の海,【起動メイン】このキャラをレストにできる：相手のコスト1以下のキャラ1枚までを、レストにする。
OP04-023,CHARACTER,クロ,6,斬,8000,1000,緑,東の海/クロネコ海賊団,-
OP04-024,CHARACTER,シュガー,2,特,-,1000,緑,ドンキホーテ海賊団,【相手のターン中】【ターン1回】相手がキャラを登場させた時、自分のリーダーが特徴《ドンキホーテ海賊団》を持つ場合、相手のキャラ1枚までを、レストにする。その後、このキャラをレストにする。
OP04-024_p1,CHARACTER,シュガー,2,特,-,1000,緑,ドンキホーテ海賊団,【相手のターン中】【ターン1回】相手がキャラを登場させた時、自分のリーダーが特徴《ドンキホーテ海賊団》を持つ場合、相手のキャラ1枚までを、レストにする。その後、このキャラをレストにする。
OP04-025,CHARACTER,ジョーラ,4,特,4000,1000,緑,ドンキホーテ海賊団,【相手のアタック時】➁(コストエリアのドン!!を指定の数レストにできる)：相手のコスト4以下のキャラ1枚までを、レストにする。
OP04-026,CHARACTER,セニョール・ピンク,3,特,5000,-,緑,ドンキホーテ海賊団,【アタック時】➀(コストエリアのドン!!を指定の数レストにできる)：自分のリーダーが特徴《ドンキホーテ海賊団》を持つ場合、相手のコスト4以下のキャラ1枚までを、レストにする。その後、このターン終了時、自分のドン!!1枚までを、アクティブにする。
OP04-027,CHARACTER,ダディ・マスターソン,4,射,5000,-,緑,東の海/元海軍,【ドン!!×1】【自分のターン終了時】このキャラをアクティブにする。
OP04-028,CHARACTER,ディアマンテ,5,斬,6000,1000,緑,ドンキホーテ海賊団,【ブロッカー】(相手のアタックの後、このカードをレストにし、アタックの対象をこのカードにできる)
OP04-028_p1,CHARACTER,ディアマンテ,5,斬,6000,1000,緑,ドンキホーテ海賊団,【ブロッカー】(相手のアタックの後、このカードをレストにし、アタックの対象をこのカードにできる)
OP04-029,CHARACTER,デリンジャー,3,打,4000,1000,緑,ドンキホーテ海賊団,【自分のターン終了時】自分のドン!!1枚までを、アクティブにする。
OP04-030,CHARACTER,トレーボル,6,特,6000,-,緑,ドンキホーテ海賊団,【登場時】相手のレストのコスト5以下のキャラ1枚までを、KOする。
OP04-030_p1,CHARACTER,トレーボル,6,特,6000,-,緑,ドンキホーテ海賊団,【登場時】相手のレストのコスト5以下のキャラ1枚までを、KOする。
OP04-031,CHARACTER,ドンキホーテ・ドフラミンゴ,10,特,10000,-,緑,王下七武海/ドンキホーテ海賊団,【登場時】相手のレストの、リーダーとキャラ合計3枚までは、次の相手のリフレッシュフェイズでアクティブにならない。
OP04-031_p1,CHARACTER,ドンキホーテ・ドフラミンゴ,10,特,10000,-,緑,王下七武海/ドンキホーテ海賊団,【登場時】相手のレストの、リーダーとキャラ合計3枚までは、次の相手のリフレッシュフェイズでアクティブにならない。
OP04-032,CHARACTER,ベビー5,1,特,1000,2000,緑,ドンキホーテ海賊団,【自分のターン終了時】このキャラをトラッシュに置くことができる：自分のドン!!2枚までを、アクティブにする。
OP04-033,CHARACTER,マッハバイス,4,打,5000,1000,緑,ドンキホーテ海賊団,【登場時】自分のリーダーが特徴《ドンキホーテ海賊団》を持つ場合、相手のコスト5以下のキャラ1枚までを、レストにする。その後、このターン終了時、自分のドン!!1枚までを、アクティブにする。
OP04-034,CHARACTER,ラオG,4,打,5000,1000,緑,ドンキホーテ海賊団,【自分のターン終了時】自分のアクティブのドン!!が3枚以上ある場合、相手のレストのコスト3以下のキャラ1枚までを、KOする。
OP04-035,EVENT,蜘蛛の巣がき,2,-,-,-,緑,王下七武海/ドンキホーテ海賊団,【カウンター】自分のリーダーかキャラ1枚までを、このバトル中、パワー+4000。その後、自分のキャラ1枚までを、アクティブにする。
OP04-036,EVENT,ドンキホーテファミリー,1,-,-,-,緑,ドンキホーテ海賊団,【カウンター】自分のデッキの上から5枚を見て、特徴《ドンキホーテ海賊団》を持つカード1枚までを公開し、手札に加える。その後、残りを好きな順番でデッキの下に置く。
OP04-037,EVENT,羽撃糸,2,-,-,-,緑,王下七武海/ドンキホーテ海賊団,【カウンター】自分のリーダーが特徴《ドンキホーテ海賊団》を持つ場合、自分のリーダーかキャラ1枚までを、このターン中、パワー+2000。
OP04-038,EVENT,弱ェ奴は死に方も選べねェ!!!,5,-,-,-,緑,王下七武海/ドンキホーテ海賊団,【メイン】/【カウンター】相手のリーダーかキャラ1枚までを、レストにする。その後、相手のレストのコスト6以下のキャラ1枚までを、KOする。
OP04-039,LEADER,レベッカ,5,斬,5000,-,青/黒,ドレスローザ,このリーダーはアタックできない。
OP04-039_p1,LEADER,レベッカ,5,斬,5000,-,青/黒,ドレスローザ,このリーダーはアタックできない。
OP04-040,LEADER,クイーン,4,射,5000,-,青/黄,百獣海賊団,【ドン!!×1】【アタック時】自分のライフと手札の合計枚数が4枚以下の場合、カード1枚を引く。自分のコスト8以上のキャラがいる場合、カード1枚を引く代わりに自分のデッキの上から1枚までを、ライフの上に加えることができる。
OP04-040_p1,LEADER,クイーン,4,射,5000,-,青/黄,百獣海賊団,【ドン!!×1】【アタック時】自分のライフと手札の合計枚数が4枚以下の場合、カード1枚を引く。自分のコスト8以上のキャラがいる場合、カード1枚を引く代わりに自分のデッキの上から1枚までを、ライフの上に加えることができる。
OP04-041,CHARACTER,アピス,1,知,-,2000,青,東の海,【登場時】自分の手札2枚を捨てることができる：自分のデッキの上から5枚を見て、特徴《東の海》を持つカード1枚までを公開し、手札に加える。その後、残りを好きな順番でデッキの下に置く。
OP04-042,CHARACTER,いっぽんマツ,2,知,1000,1000,青,東の海,【登場時】自分の属性(斬)を持つキャラ1枚までを、このターン中、パワー+3000。その後、自分のデッキの上から1枚をトラッシュに置く。
OP04-043,CHARACTER,うるティ,3,打,4000,1000,青,百獣海賊団,【ドン!!×1】【アタック時】コスト2以下のキャラ1枚までを、持ち主の手札かデッキの下に戻す。
OP04-044,CHARACTER,カイドウ,10,打,12000,-,青,四皇/百獣海賊団,【登場時】コスト8以下のキャラ1枚までと、コスト3以下のキャラ1枚までを、持ち主の手札に戻す。
OP04-044_p1,CHARACTER,カイドウ,10,打,12000,-,青,四皇/百獣海賊団,【登場時】コスト8以下のキャラ1枚までと、コスト3以下のキャラ1枚までを、持ち主の手札に戻す。
OP04-045,CHARACTER,キング,7,斬,8000,1000,青,百獣海賊団,【登場時】カード1枚を引く。
OP04-046,CHARACTER,クイーン,4,打,5000,1000,青,百獣海賊団,【登場時】自分のリーダーが特徴《百獣海賊団》を持つ場合、自分のデッキの上から7枚を見て、「疫災弾」か「氷鬼」合計2枚までを公開し、手札に加える。その後、残りを好きな順番でデッキの下に置く。
OP04-047,CHARACTER,氷鬼,8,特,-,1000,青,疫災/百獣海賊団,【自分のターン中】このキャラが相手のコスト5以下のキャラとバトルしたバトル終了時、バトルした相手のキャラを持ち主のデッキの下に置く。
OP04-048,CHARACTER,ササキ,3,打,4000,2000,青,百獣海賊団,【登場時】自分の手札すべてをデッキに戻し、デッキをシャッフルする。その後、デッキに戻した枚数分カードを引く。
OP04-049,CHARACTER,ジャック,2,打,3000,1000,青,百獣海賊団,【KO時】カード1枚を引く。
OP04-050,CHARACTER,ハンガーさん,2,知,-,1000,青,東の海,【起動メイン】自分の手札1枚を捨て、このキャラをレストにできる：カード1枚を引く。
OP04-051,CHARACTER,フーズ・フー,1,斬,2000,1000,青,百獣海賊団,【登場時】自分のデッキの上から5枚を見て、「フーズ・フー」以外の特徴《百獣海賊団》を持つカード1枚までを公開し、手札に加える。その後、残りを好きな順番でデッキの下に置く。
OP04-051_p1,CHARACTER,フーズ・フー,1,斬,2000,1000,青,百獣海賊団,【登場時】自分のデッキの上から5枚を見て、「フーズ・フー」以外の特徴《百獣海賊団》を持つカード1枚までを公開し、手札に加える。その後、残りを好きな順番でデッキの下に置く。
OP04-052,CHARACTER,ブラックマリア,3,特,3000,1000,青,百獣海賊団,【起動メイン】➁(コストエリアのドン!!を指定の数レストにできる)，このキャラをレストにできる：カード1枚を引く。
OP04-053,CHARACTER,ページワン,4,打,6000,-,青,百獣海賊団,【ドン!!×1】【ターン1回】自分がイベントを発動した時、カード1枚を引く。その後、自分の手札1枚をデッキの下に置く。
OP04-054,CHARACTER,六鬼,5,打,7000,1000,青,巨人族/百獣海賊団,-
OP04-055,EVENT,疫災弾,2,-,-,-,青,百獣海賊団,【メイン】自分の手札から「氷鬼」1枚を捨て、コスト4以下のキャラ1枚を、持ち主のデッキの下に置くことができる：自分のトラッシュから「氷鬼」1枚を登場させる。
OP04-056,EVENT,ゴムゴムの業火拳銃,6,-,-,-,青,麦わらの一味,【メイン】キャラ1枚までを、持ち主のデッキの下に置く。
OP04-057,EVENT,龍巻壊風,2,-,-,-,青,四皇/百獣海賊団,【カウンター】自分のリーダーかキャラ1枚までを、このバトル中、パワー+4000。その後、コスト1以下のキャラ1枚までを、持ち主のデッキの下に置く。
OP04-058,LEADER,クロコダイル,4,特,5000,-,紫/黄,王下七武海/B・W,【相手のターン中】【ターン1回】自分の場のドン!!が自分の効果によってドン!!デッキに戻された時、ドン!!デッキからドン!!1枚までを、アクティブで追加する。
OP04-058_p1,LEADER,クロコダイル,4,特,5000,-,紫/黄,王下七武海/B・W,【相手のターン中】【ターン1回】自分の場のドン!!が自分の効果によってドン!!デッキに戻された時、ドン!!デッキからドン!!1枚までを、アクティブで追加する。
OP04-059,CHARACTER,アイスバーグ,1,知,-,1000,紫,W7/GC,【相手のアタック時】ドン!!-1(自分の場のドン!!を指定の数ドン!!デッキに戻すことができる)：自分のリーダーが特徴《W7》を持つ場合、このキャラは、このターン中、【ブロッカー】を得る。
OP04-060,CHARACTER,クロコダイル,8,特,9000,-,紫,王下七武海/B・W,【登場時】ドン!!-2(自分の場のドン!!を指定の数ドン!!デッキに戻すことができる)：自分のリーダーが『B・W』を含む特徴を持つ場合、自分のデッキの上から1枚までを、ライフの上に加える。
OP04-060_p1,CHARACTER,クロコダイル,8,特,9000,-,紫,王下七武海/B・W,【登場時】ドン!!-2(自分の場のドン!!を指定の数ドン!!デッキに戻すことができる)：自分のリーダーが『B・W』を含む特徴を持つ場合、自分のデッキの上から1枚までを、ライフの上に加える。
OP04-061,CHARACTER,トム,3,知,4000,1000,紫,魚人族/W7,【起動メイン】このキャラをトラッシュに置くことができる：自分のリーダーが特徴《W7》を持つ場合、ドン!!デッキからドン!!1枚までを、レストで追加する。
OP04-062,CHARACTER,バナナワニ,5,打,7000,1000,紫,動物,-
OP04-063,CHARACTER,フランキー,1,知,1000,2000,紫,W7/フランキー一家,【相手のアタック時】【ターン1回】ドン!!-1(自分の場のドン!!を指定の数ドン!!デッキに戻すことができる)：自分のリーダーが特徴《W7》を持つ場合、自分のリーダーかキャラ1枚までを、このバトル中、パワー+1000。
OP04-064,CHARACTER,ミス・オールサンデー,5,知,5000,-,紫,B・W,【登場時】ドン!!デッキからドン!!1枚までを、レストで追加する。その後、自分の場にドン!!が6枚以上ある場合、カード1枚を引く。
OP04-064_p1,CHARACTER,ミス・オールサンデー,5,知,5000,-,紫,B・W,【登場時】ドン!!デッキからドン!!1枚までを、レストで追加する。その後、自分の場にドン!!が6枚以上ある場合、カード1枚を引く。
OP04-065,CHARACTER,ミス・ゴールデンウィーク(マリアンヌ),2,知,3000,1000,紫,B・W,【登場時】自分のリーダーが『B・W』を含む特徴を持つ場合、相手のコスト5以下のキャラ1枚までは、次の自分のターン開始時までアタックできない。
OP04-066,CHARACTER,ミス・バレンタイン(ミキータ),2,打,2000,1000,紫,B・W,【登場時】自分のデッキの上から5枚を見て、『B・W』を含む特徴を持つカード1枚までを公開し、手札に加える。その後、残りを好きな順番でデッキの下に置く。
OP04-067,CHARACTER,ミス・メリークリスマス(ドロフィー),4,斬,4000,-,紫,B・W,【ブロッカー】(相手のアタックの後、このカードをレストにし、アタックの対象をこのカードにできる)
OP04-068,CHARACTER,ヨコヅナ,3,打,3000,1000,紫,動物/W7,【ブロッカー】(相手のアタックの後、このカードをレストにし、アタックの対象をこのカードにできる)
OP04-069,CHARACTER,Mｒ.2・ボン・クレー(ベンサム),3,打,4000,1000,紫,B・W,【相手のアタック時】ドン!!-1(自分の場のドン!!を指定の数ドン!!デッキに戻すことができる)：このキャラの元々のパワーは、このターン中、相手のアタックしているリーダーかキャラと同じパワーになる。
OP04-070,CHARACTER,Mr.3(ギャルディーノ),3,特,4000,1000,紫,B・W,【相手のアタック時】【ターン1回】ドン!!-1(自分の場のドン!!を指定の数ドン!!デッキに戻すことができる)：相手のキャラ1枚までを、このターン中、パワー-1000。
OP04-071,CHARACTER,Mr.4(ベーブ),5,打,6000,1000,紫,B・W,【相手のアタック時】ドン!!-1(自分の場のドン!!を指定の数ドン!!デッキに戻すことができる)：このキャラは、このバトル中、【ブロッカー】を得て、パワー+1000。
OP04-072,CHARACTER,Mr.5(ジェム),7,特,8000,-,紫,B・W,【相手のアタック時】【ターン1回】ドン!!-2(自分の場のドン!!を指定の数ドン!!デッキに戻すことができる)，このキャラをレストにできる：相手のコスト4以下のキャラ1枚までを、KOする。
OP04-072_p1,CHARACTER,Mr.5(ジェム),7,特,8000,-,紫,B・W,【相手のアタック時】【ターン1回】ドン!!-2(自分の場のドン!!を指定の数ドン!!デッキに戻すことができる)，このキャラをレストにできる：相手のコスト4以下のキャラ1枚までを、KOする。
OP04-073,CHARACTER,Mr.13&ミス・フライデー,3,知,1000,2000,紫,動物/B・W,【起動メイン】このキャラと自分の『B・W』を含む特徴を持つキャラ1枚をトラッシュに置くことができる：ドン!!デッキからドン!!1枚までを、アクティブで追加する。
OP04-074,EVENT,カラーズトラップ,1,-,-,-,紫,B・W,【カウンター】ドン!!-1(自分の場のドン!!を指定の数ドン!!デッキに戻すことができる)：自分のリーダーかキャラ1枚までを、このバトル中、パワー+1000。その後、相手のコスト4以下のキャラ1枚までを、レストにする。
OP04-075,EVENT,鼻空想砲,3,-,-,-,紫,B・W,【カウンター】自分のリーダーかキャラ1枚までを、このバトル中、パワー+6000。その後、自分のライフが2枚以下の場合、ドン!!デッキからドン!!1枚までを、レストで追加する。
OP04-076,EVENT,弱ェってのは…罪なもんだ…,1,-,-,-,紫,王下七武海/B・W,【カウンター】ドン!!-1(自分の場のドン!!を指定の数ドン!!デッキに戻すことができる)：自分のリーダーかキャラ1枚までを、このターン中、パワー+1000。
OP04-077,CHARACTER,イデオ,2,打,2000,1000,黒,ドレスローザ,【ブロッカー】(相手のアタックの後、このカードをレストにし、アタックの対象をこのカードにできる)
OP04-078,CHARACTER,オイモ&カーシー,6,打,8000,1000,黒,巨人族/世界政府,-
OP04-079,CHARACTER,オオロンブス,4,打,5000,1000,黒,ドレスローザ/ヨンタマリア大船団,【起動メイン】【ターン1回】相手のキャラ1枚までを、このターン中、コスト-4し、自分のデッキの上から2枚をトラッシュに置く。その後、自分の特徴《ドレスローザ》を持つキャラ1枚を、KOする。
OP04-080,CHARACTER,ギャッツ,1,知,1000,2000,黒,ドレスローザ,【登場時】自分の特徴《ドレスローザ》を持つキャラ1枚までは、このターン中、アクティブのキャラにもアタックできる。
OP04-081,CHARACTER,キャベンディッシュ,5,斬,6000,-,黒,ドレスローザ/美しき海賊団,【ドン!!×1】このキャラはアクティブのキャラにもアタックできる。
OP04-082,CHARACTER,キュロス,3,斬,5000,-,黒,ドレスローザ,このキャラがKOされる場合、代わりに自分のリーダーか「コリーダコロシアム」1枚を、レストにできる。
OP04-082_p1,CHARACTER,キュロス,3,斬,5000,-,黒,ドレスローザ,このキャラがKOされる場合、代わりに自分のリーダーか「コリーダコロシアム」1枚を、レストにできる。
OP04-083,CHARACTER,サボ,5,特,6000,1000,黒,ドレスローザ/革命軍,【ブロッカー】(相手のアタックの後、このカードをレストにし、アタックの対象をこのカードにできる)
OP04-083_p1,CHARACTER,サボ,5,特,6000,1000,黒,ドレスローザ/革命軍,【ブロッカー】(相手のアタックの後、このカードをレストにし、アタックの対象をこのカードにできる)
OP04-083_p2,CHARACTER,サボ,5,特,6000,1000,黒,ドレスローザ/革命軍,【ブロッカー】(相手のアタックの後、このカードをレストにし、アタックの対象をこのカードにできる)
OP04-084,CHARACTER,ステューシー,2,特,3000,-,黒,CP0,【登場時】自分のデッキの上から3枚を見て、「ステューシー」以外の『CP』を含む特徴を持つコスト2以下のキャラカード1枚までを、登場させる。その後、残りをトラッシュに置く。
OP04-085,CHARACTER,スレイマン,3,斬,4000,1000,黒,ドレスローザ,【登場時】/【アタック時】自分のリーダーが特徴《ドレスローザ》を持つ場合、相手のキャラ1枚までを、このターン中、コスト-2。その後、自分のデッキの上から1枚をトラッシュに置く。
OP04-086,CHARACTER,チンジャオ,5,打,6000,1000,黒,ドレスローザ/八宝水軍,【ドン!!×1】このキャラのバトルによって相手のキャラをKOした時、カード2枚を引き、自分の手札2枚を捨てる。
OP04-087,CHARACTER,トラファルガー・ロー,5,斬,7000,1000,黒,ドレスローザ/ハートの海賊団,-
OP04-088,CHARACTER,ハイルディン,6,打,7000,1000,黒,巨人族/ドレスローザ/新巨兵海賊団,【起動メイン】自分のリーダー1枚をレストにできる：相手のキャラ1枚までを、このターン中、コスト-4。
OP04-089,CHARACTER,バルトロメオ,3,特,3000,2000,黒,ドレスローザ/バルトクラブ,【ブロッカー】(相手のアタックの後、このカードをレストにし、アタックの対象をこのカードにできる)
OP04-090,CHARACTER,モンキー・D・ルフィ,7,打,7000,-,黒,ドレスローザ/麦わらの一味,このキャラはアクティブのキャラにもアタックできる。
OP04-090_p1,CHARACTER,モンキー・D・ルフィ,7,打,7000,-,黒,ドレスローザ/麦わらの一味,このキャラはアクティブのキャラにもアタックできる。
OP04-091,CHARACTER,レオ,1,打,2000,1000,黒,トンタッタ族/ドレスローザ,【登場時】自分のリーダー1枚をレストにできる：自分のリーダーが特徴《ドレスローザ》を持つ場合、相手のコスト1以下のキャラ1枚までを、KOする。その後、自分のデッキの上から2枚をトラッシュに置く。
OP04-092,CHARACTER,レベッカ,1,斬,2000,1000,黒,ドレスローザ,【登場時】自分のデッキの上から3枚を見て、「レベッカ」以外の特徴《ドレスローザ》を持つカード1枚までを公開し、手札に加える。その後、残りをトラッシュに置く。
OP04-093,EVENT,ゴムゴムの大猿王銃,3,-,-,-,黒,ドレスローザ/麦わらの一味,【メイン】自分の特徴《ドレスローザ》を持つキャラ1枚までを、このターン中、パワー+6000。その後、自分のトラッシュが15枚以上ある場合、そのカードは、このターン中、【ダブルアタック】を得る。
OP04-094,EVENT,雷の破壊剣,4,-,-,-,黒,ドレスローザ,【メイン】相手のコスト4以下のキャラ1枚までを選び、KOする。自分のトラッシュが15枚以上ある場合、相手のコスト4以下のキャラの代わりに相手のコスト6以下のキャラを選ぶ。
OP04-095,EVENT,バ～～～～リアッ!!,1,-,-,-,黒,ドレスローザ/バルトクラブ,【カウンター】自分のリーダーかキャラ1枚までを、このバトル中、パワー+2000。その後、自分のトラッシュが15枚以上ある場合、そのカードを、このバトル中、パワー+2000。
OP04-096,STAGE,コリーダコロシアム,1,-,-,-,黒,ドレスローザ,自分のリーダーが特徴《ドレスローザ》を持つ場合、自分の特徴《ドレスローザ》を持つキャラは、登場したターンにキャラへアタックできる。
OP04-097,CHARACTER,お玉,1,知,-,1000,黄,ワノ国,【登場時】相手のコスト3以下の、特徴《動物》か《SMILE》を持つキャラ1枚までを、相手のライフの上に表向きで加える。
OP04-098,CHARACTER,おトコ,2,知,-,1000,黄,ワノ国,【登場時】自分の手札から特徴《ワノ国》を持つカード2枚を捨てることができる：自分のライフが1枚以下の場合、自分のデッキの上から1枚をライフの上に加える。
OP04-099,CHARACTER,おリン,7,特,7000,-,黄,ワノ国/四皇/ビッグ・マム海賊団,ルール上、このカードはカード名を「シャーロット・リンリン」としても扱う。
OP04-100,CHARACTER,カポネ・ベッジ,3,射,3000,2000,黄,ファイアタンク海賊団,-
OP04-100_p1,CHARACTER,カポネ・ベッジ,3,射,3000,2000,黄,ファイアタンク海賊団,-
OP04-101,CHARACTER,カルメル,2,知,1000,1000,黄,羊の家,【自分のターン中】【登場時】カード1枚を引く。
OP04-102,CHARACTER,錦えもん,6,斬,6000,-,黄,ワノ国,【起動メイン】【ターン1回】➀(コストエリアのドン!!を指定の数レストにできる)，自分のライフの上か下から1枚を手札に加えることができる：このキャラをアクティブにする。
OP04-103,CHARACTER,光月日和,2,知,-,2000,黄,ワノ国/光月家,【登場時】自分の特徴《ワノ国》を持つ、リーダーかキャラ1枚までを、このターン中、パワー+1000。
OP04-104,CHARACTER,サンジ,4,打,5000,1000,黄,ヴィンスモーク家,【ブロッカー】(相手のアタックの後、このカードをレストにし、アタックの対象をこのカードにできる)
OP04-104_p1,CHARACTER,サンジ,4,打,5000,1000,黄,ヴィンスモーク家,【ブロッカー】(相手のアタックの後、このカードをレストにし、アタックの対象をこのカードにできる)
OP04-105,CHARACTER,シャーロット・アマンド,3,斬,3000,2000,黄,ビッグ・マム海賊団,【起動メイン】【ターン1回】自分の手札から【トリガー】を持つカード1枚を捨てることができる：相手のコスト2以下のキャラ1枚までを、レストにする。
OP04-106,CHARACTER,シャーロット・ババロア,3,打,4000,1000,黄,ビッグ・マム海賊団,【ドン!!×1】自分のライフの枚数が相手より少ない場合、このキャラはパワー+1000。
OP04-107,CHARACTER,シャーロット・ペロスペロー,6,特,8000,1000,黄,ビッグ・マム海賊団,-
OP04-108,CHARACTER,シャーロット・モスカート,3,斬,4000,1000,黄,ビッグ・マム海賊団,【ドン!!×1】このキャラは【バニッシュ】を得る。
OP04-109,CHARACTER,トの康,2,知,2000,1000,黄,ワノ国,【起動メイン】このキャラをトラッシュに置くことができる：自分の特徴《ワノ国》を持つ、リーダーかキャラ1枚までを、このターン中、パワー+3000。
OP04-110,CHARACTER,パウンド,3,知,3000,1000,黄,ホールケーキアイランド,【ブロッカー】(相手のアタックの後、このカードをレストにし、アタックの対象をこのカードにできる)
OP04-111,CHARACTER,ヘラ,5,特,3000,1000,黄,ビッグ・マム海賊団/ホーミーズ,【起動メイン】このキャラ以外の自分の特徴《ホーミーズ》を持つキャラ1枚をトラッシュに置き、このキャラをレストにできる：自分のキャラの「シャーロット・リンリン」1枚までを、アクティブにする。
OP04-112,CHARACTER,ヤマト,9,打,9000,-,黄,ワノ国,【登場時】お互いのライフの合計枚数以下のコストを持つ相手のキャラ1枚までを、KOする。その後、自分のライフが1枚以下の場合、自分のデッキの上から1枚までを、ライフの上に加える。
OP04-112_p1,CHARACTER,ヤマト,9,打,9000,-,黄,ワノ国,【登場時】お互いのライフの合計枚数以下のコストを持つ相手のキャラ1枚までを、KOする。その後、自分のライフが1枚以下の場合、自分のデッキの上から1枚までを、ライフの上に加える。
OP04-113,CHARACTER,ラビヤン,2,特,3000,1000,黄,ビッグ・マム海賊団/ホーミーズ,-
OP04-114,CHARACTER,ランドルフ,5,斬,7000,1000,黄,ビッグ・マム海賊団/ホーミーズ,-
OP04-115,EVENT,銃・擬鬼,1,-,-,-,黄,ワノ国/光月家,【メイン】自分のライフの上か下から1枚を手札に加えることができる：自分の特徴《ワノ国》を持つキャラ1枚までは、このターン中、【ダブルアタック】を得る。
OP04-116,EVENT,悪魔風脚 ほほ肉シュート,3,-,-,-,黄,ヴィンスモーク家,【カウンター】自分のリーダーかキャラ1枚までを、このバトル中、パワー+6000。その後、お互いのライフの合計枚数が4枚以下の場合、相手のコスト2以下のキャラ1枚までを、KOする。
OP04-117,EVENT,天上の火,1,-,-,-,黄,四皇/ビッグ・マム海賊団,【メイン】相手のコスト3以下のキャラ1枚までを、相手のライフの上か下に表向きで加える。
OP04-118,CHARACTER,ネフェルタリ・ビビ,7,知,4000,1000,赤,アラバスタ王国,このキャラ以外の自分のコスト3以上の赤のキャラすべては、【速攻】を得る。
OP04-118_p1,CHARACTER,ネフェルタリ・ビビ,7,知,4000,1000,赤,アラバスタ王国,このキャラ以外の自分のコスト3以上の赤のキャラすべては、【速攻】を得る。
OP04-119,CHARACTER,ドンキホーテ・ロシナンテ,8,特,8000,-,緑,海軍/ドンキホーテ海賊団,【相手のターン中】このキャラがレストの場合、自分のアクティブの元々のコストが5のキャラは、効果でKOされない。
OP04-119_p1,CHARACTER,ドンキホーテ・ロシナンテ,8,特,8000,-,緑,海軍/ドンキホーテ海賊団,【相手のターン中】このキャラがレストの場合、自分のアクティブの元々のコストが5のキャラは、効果でKOされない。
P-001,CHARACTER,モンキー・D・ルフィ,6,打,7000,-,赤,超新星/麦わらの一味,【ドン!!×2】このキャラは【速攻】を得る。
P-001_p1,CHARACTER,モンキー・D・ルフィ,6,打,7000,-,赤,超新星/麦わらの一味,【ドン!!×2】このキャラは【速攻】を得る。
P-002,EVENT,冒険のにおいがするっ!!!,1,-,-,-,赤,麦わらの一味,【メイン】自分の手札すべてをデッキに戻し、デッキをシャッフルする。その後、デッキに戻した枚数分カードを引く。
P-003,CHARACTER,ユースタス・キッド,3,特,4000,1000,緑,超新星/キッド海賊団,【ドン!!×2】このキャラは【ダブルアタック】を得る。
P-004,CHARACTER,クロコダイル,4,特,5000,1000,青,王下七武海/B・W,【ドン!!×1】このキャラは【ブロッカー】を得る。
P-005,CHARACTER,カイドウ,7,打,8000,-,紫,四皇/百獣海賊団,【起動メイン】ドン!!-2(自分の場のドン!!を指定の数ドン!!デッキに戻すことができる)：このキャラは、このターン中、【バニッシュ】を得る。
P-006,CHARACTER,モンキー・D・ルフィ,3,打,3000,2000,赤,超新星/麦わらの一味,【ドン‼×2】【自分のターン中】このキャラはパワー+2000。
P-007,CHARACTER,モンキー・D・ルフィ,4,打,5000,1000,赤,超新星/麦わらの一味,【ドン‼×1】このキャラは属性(打)を持つリーダーとキャラとのバトルでKOされない。
P-008,CHARACTER,ヤマト,3,打,5000,-,緑,ワノ国,【起動メイン】このキャラをレストにできる：相手のコスト2以下のキャラ1枚までを、レストにする。
P-009,CHARACTER,トラファルガー・ロー,6,斬,7000,-,青,超新星/ハートの海賊団,【登場時】相手の手札が6枚以上ある場合、相手は自身のライフ1枚を手札に加える。
P-010,CHARACTER,カイドウ,8,特,9000,-,紫,四皇/百獣海賊団,【自分のターン終了時】ドン‼デッキからドン‼1枚までをアクティブで追加する。
P-011,LEADER,ウタ,5,特,5000,-,赤,FILM,【起動メイン】【ターン1回】①(コストエリアのドン‼を指定の数レストにできる)：自分の元々の効果がないキャラ1枚までを、このターン中、パワー+2000。
P-012,CHARACTER,クラゲ海賊団,3,特,5000,1000,赤,FILM/クラゲ海賊団,-
P-013,CHARACTER,ゴードン,1,知,2000,-,赤,FILM,【起動メイン】このキャラを持ち主のデッキの下に置くことができる：相手のキャラ1枚までを、このターン中、パワー-3000。
P-014,CHARACTER,コビー,3,打,3000,-,赤,FILM/海軍,【ブロッカー】(相手のアタックの後、このカードをレストにし、アタックの対象をこのカードにできる)
P-015,CHARACTER,サニーくん,1,知,3000,1000,赤,FILM/麦わらの一味,-
P-016,CHARACTER,シャンクス,8,斬,10000,1000,赤,FILM/四皇/赤髪海賊団,-
P-016_p1,CHARACTER,シャンクス,8,斬,10000,1000,赤,FILM/四皇/赤髪海賊団,-
P-016_p2,CHARACTER,シャンクス,8,斬,10000,1000,赤,FILM/四皇/赤髪海賊団,-
P-017,CHARACTER,トラファルガー・ロー,4,斬,5000,1000,赤,FILM/超新星/ハートの海賊団,【登場時】相手のキャラ1枚までを、このターン中、パワー-2000。
P-018,CHARACTER,バルトロメオ,2,打,3000,-,赤,FILM/超新星/バルトクラブ,【ブロッカー】(相手のアタックの後、このカードをレストにし、アタックの対象をこのカードにできる)
P-019,CHARACTER,ベポ,3,打,2000,2000,赤,FILM/ミンク族/ハートの海賊団,【ドン‼×1】【アタック時】相手のパワー3000以下のキャラ1枚までを、KOする。
P-020,CHARACTER,ヘルメッポ,1,斬,2000,1000,赤,FILM/海軍,【登場時】自分のリーダーかキャラ1枚までを、このターン中、パワー+1000。
P-021,CHARACTER,ベン・ベックマン,7,射,9000,1000,赤,FILM/赤髪海賊団,-
P-022,CHARACTER,モンキー・D・ルフィ,4,打,6000,1000,赤,FILM/超新星/麦わらの一味,-
P-022_p1,CHARACTER,モンキー・D・ルフィ,4,打,6000,1000,赤,FILM/超新星/麦わらの一味,-
P-022_p2,CHARACTER,モンキー・D・ルフィ,4,打,6000,1000,赤,FILM/超新星/麦わらの一味,-
P-023,CHARACTER,ヤソップ,6,射,8000,1000,赤,FILM/赤髪海賊団,-
P-024,EVENT,海賊王に!!!おれはなるっ!!!!,2,-,-,-,緑,超新星/麦わらの一味,【メイン】自分のリーダーは、このターン中、自分のキャラ1枚につきパワー+1000。
P-025,CHARACTER,スモーカー,3,特,5000,-,黒,海軍,【ドン‼×1】このキャラは属性(特)を持たないキャラとのバトルでKOされない。
P-026,CHARACTER,モーガン,4,斬,5000,1000,黒,海軍,【アタック時】相手のキャラ1枚までを、このターン中、コスト-3。
P-027,CHARACTER,フランキー将軍,2,射,4000,-,赤,麦わらの一味,ルール上、このカードはカード名を「フランキー」としても扱う。
P-028,CHARACTER,ポートガス・D・エース,5,特,6000,-,赤,白ひげ海賊団,【ダブルアタック】(このカードが与えるダメージは2になる)
P-028_p1,CHARACTER,ポートガス・D・エース,5,特,6000,-,赤,白ひげ海賊団,【ダブルアタック】(このカードが与えるダメージは2になる)
P-029,CHARACTER,バルトロメオ,2,特,3000,1000,緑,FILM/超新星/バルトクラブ,【自分のターン終了時】このキャラをレストにできる：自分の「バルトロメオ」以外の特徴《FILM》を持つキャラ1枚までを、アクティブにする。
P-030,CHARACTER,ジンベエ,4,打,5000,1000,青,魚人族/王下七武海/タイヨウの海賊団,【KO時】コスト3以下のキャラ1枚までを、持ち主のデッキの下に置く。
P-031,CHARACTER,ウタ,5,特,6000,-,紫,FILM,【登場時】ドン‼デッキからドン‼1枚までを、レストで追加する。
P-032,CHARACTER,センゴク,5,知,6000,-,黒,海軍,【ドン‼×1】【自分のターン中】相手のキャラすべてを、コスト-2。
P-033,CHARACTER,モンキー・D・ルフィ,4,打,5000,1000,青,麦わらの一味,【起動メイン】このキャラを持ち主のデッキの下に置くことができる：カード1枚を引く。
P-034,CHARACTER,サンジ,3,打,4000,1000,黄,ヴィンスモーク家,【ドン!!×1】【自分のターン中】自分のライフが2枚以下の場合、このキャラはパワー+2000。
P-035,CHARACTER,モンキー・D・ルフィ,6,打,6000,-,黒,麦わらの一味,【ドン!!×1】【アタック時】自分の手札1枚を捨てることができる：相手のコスト0のキャラ1枚までを、KOする。
P-036,CHARACTER,モンキー・D・ルフィ,3,打,4000,1000,黄,ワノ国/麦わらの一味,【アタック時】自分のライフの上か下から1枚を手札に加えることができる：このキャラと自分のリーダー1枚までを、このターン中、パワー+1000。
P-037,CHARACTER,モンキー・D・ルフィ,2,打,4000,-,緑,麦わらの一味,【アタック時】自分のレストのキャラが2枚以上いる場合、このキャラは、このターン中、パワー+1000。
P-038,CHARACTER,トラファルガー・ロー,4,斬,5000,1000,黒,ハートの海賊団/ドレスローザ,【登場時】自分のリーダー1枚をレストにできる：相手のコスト1以下のキャラ1枚までを、KOする。
P-039,CHARACTER,ベラミー,5,打,6000,-,黄,ベラミー海賊団,【バニッシュ】(このカードがダメージを与えた場合、トリガーは発動せずそのカードはトラッシュに置かれる)
ST01-001,LEADER,モンキー・D・ルフィ,5,打,5000,-,赤,超新星/麦わらの一味,【起動メイン】【ターン1回】このリーダーか自分のキャラ1枚にレストのドン!!1枚までを付与する。
ST01-001_p1,LEADER,モンキー・D・ルフィ,5,打,5000,-,赤,超新星/麦わらの一味,【起動メイン】【ターン1回】このリーダーか自分のキャラ1枚にレストのドン!!1枚までを付与する。
ST01-002,CHARACTER,ウソップ,2,射,2000,1000,赤,麦わらの一味,【ドン!!×2】【アタック時】相手は、このバトル中、パワー5000以上のキャラの【ブロッカー】を発動できない。
ST01-002_p1,CHARACTER,ウソップ,2,射,2000,1000,赤,麦わらの一味,【ドン!!×2】【アタック時】相手は、このバトル中、パワー5000以上のキャラの【ブロッカー】を発動できない。
ST01-002_p2,CHARACTER,ウソップ,2,射,2000,1000,赤,麦わらの一味,【ドン!!×2】【アタック時】相手は、このバトル中、パワー5000以上のキャラの【ブロッカー】を発動できない。
ST01-002_p3,CHARACTER,ウソップ,2,射,2000,1000,赤,麦わらの一味,【ドン!!×2】【アタック時】相手は、このバトル中、パワー5000以上のキャラの【ブロッカー】を発動できない。
ST01-002_p4,CHARACTER,ウソップ,2,射,2000,1000,赤,麦わらの一味,【ドン!!×2】【アタック時】相手は、このバトル中、パワー5000以上のキャラの【ブロッカー】を発動できない。
ST01-003,CHARACTER,カルー,1,打,3000,1000,赤,動物/アラバスタ王国,-
ST01-003_p1,CHARACTER,カルー,1,打,3000,1000,赤,動物/アラバスタ王国,-
ST01-004,CHARACTER,サンジ,2,打,4000,-,赤,麦わらの一味,【ドン!!×2】このキャラは【速攻】を得る。
ST01-004_p1,CHARACTER,サンジ,2,打,4000,-,赤,麦わらの一味,【ドン!!×2】このキャラは【速攻】を得る。
ST01-004_p2,CHARACTER,サンジ,2,打,4000,-,赤,麦わらの一味,【ドン!!×2】このキャラは【速攻】を得る。
ST01-004_p3,CHARACTER,サンジ,2,打,4000,-,赤,麦わらの一味,【ドン!!×2】このキャラは【速攻】を得る。
ST01-004_p4,CHARACTER,サンジ,2,打,4000,-,赤,麦わらの一味,【ドン!!×2】このキャラは【速攻】を得る。
ST01-005,CHARACTER,ジンベエ,3,打,5000,-,赤,魚人族/麦わらの一味,【ドン!!×1】【アタック時】このキャラ以外の自分のリーダーかキャラ1枚までを、このターン中、パワー+1000。
ST01-005_p1,CHARACTER,ジンベエ,3,打,5000,-,赤,魚人族/麦わらの一味,【ドン!!×1】【アタック時】このキャラ以外の自分のリーダーかキャラ1枚までを、このターン中、パワー+1000。
ST01-005_p2,CHARACTER,ジンベエ,3,打,5000,-,赤,魚人族/麦わらの一味,【ドン!!×1】【アタック時】このキャラ以外の自分のリーダーかキャラ1枚までを、このターン中、パワー+1000。
ST01-006,CHARACTER,トニートニー・チョッパー,1,打,1000,-,赤,動物/麦わらの一味,【ブロッカー】(相手のアタックの後、このカードをレストにし、アタックの対象をこのカードにできる)
ST01-006_p1,CHARACTER,トニートニー・チョッパー,1,打,1000,-,赤,動物/麦わらの一味,【ブロッカー】(相手のアタックの後、このカードをレストにし、アタックの対象をこのカードにできる)
ST01-006_p2,CHARACTER,トニートニー・チョッパー,1,打,1000,-,赤,動物/麦わらの一味,【ブロッカー】(相手のアタックの後、このカードをレストにし、アタックの対象をこのカードにできる)
ST01-006_p3,CHARACTER,トニートニー・チョッパー,1,打,1000,-,赤,動物/麦わらの一味,【ブロッカー】(相手のアタックの後、このカードをレストにし、アタックの対象をこのカードにできる)
ST01-006_p4,CHARACTER,トニートニー・チョッパー,1,打,1000,-,赤,動物/麦わらの一味,【ブロッカー】(相手のアタックの後、このカードをレストにし、アタックの対象をこのカードにできる)
ST01-007,CHARACTER,ナミ,1,特,1000,1000,赤,麦わらの一味,【起動メイン】【ターン1回】自分のリーダーかキャラ1枚にレストのドン!!1枚までを付与する。
ST01-007_p1,CHARACTER,ナミ,1,特,1000,1000,赤,麦わらの一味,【起動メイン】【ターン1回】自分のリーダーかキャラ1枚にレストのドン!!1枚までを付与する。
ST01-007_p2,CHARACTER,ナミ,1,特,1000,1000,赤,麦わらの一味,【起動メイン】【ターン1回】自分のリーダーかキャラ1枚にレストのドン!!1枚までを付与する。
ST01-007_p3,CHARACTER,ナミ,1,特,1000,1000,赤,麦わらの一味,【起動メイン】【ターン1回】自分のリーダーかキャラ1枚にレストのドン!!1枚までを付与する。
ST01-007_p4,CHARACTER,ナミ,1,特,1000,1000,赤,麦わらの一味,【起動メイン】【ターン1回】自分のリーダーかキャラ1枚にレストのドン!!1枚までを付与する。
ST01-007_p5,CHARACTER,ナミ,1,特,1000,1000,赤,麦わらの一味,【起動メイン】【ターン1回】自分のリーダーかキャラ1枚にレストのドン!!1枚までを付与する。
ST01-008,CHARACTER,ニコ・ロビン,3,知,5000,1000,赤,麦わらの一味,-
ST01-008_p1,CHARACTER,ニコ・ロビン,3,知,5000,1000,赤,麦わらの一味,-
ST01-008_p2,CHARACTER,ニコ・ロビン,3,知,5000,1000,赤,麦わらの一味,-
ST01-009,CHARACTER,ネフェルタリ・ビビ,2,斬,4000,1000,赤,アラバスタ王国,-
ST01-009_p1,CHARACTER,ネフェルタリ・ビビ,2,斬,4000,1000,赤,アラバスタ王国,-
ST01-009_p2,CHARACTER,ネフェルタリ・ビビ,2,斬,4000,1000,赤,アラバスタ王国,-
ST01-010,CHARACTER,フランキー,4,打,6000,1000,赤,麦わらの一味,-
ST01-010_p1,CHARACTER,フランキー,4,打,6000,1000,赤,麦わらの一味,-
ST01-010_p2,CHARACTER,フランキー,4,打,6000,1000,赤,麦わらの一味,-
ST01-011,CHARACTER,ブルック,2,斬,3000,2000,赤,麦わらの一味,【登場時】自分のリーダーかキャラ1枚にレストのドン!!2枚までを付与する。
ST01-011_p1,CHARACTER,ブルック,2,斬,3000,2000,赤,麦わらの一味,【登場時】自分のリーダーかキャラ1枚にレストのドン!!2枚までを付与する。
ST01-011_p2,CHARACTER,ブルック,2,斬,3000,2000,赤,麦わらの一味,【登場時】自分のリーダーかキャラ1枚にレストのドン!!2枚までを付与する。
ST01-011_p3,CHARACTER,ブルック,2,斬,3000,2000,赤,麦わらの一味,【登場時】自分のリーダーかキャラ1枚にレストのドン!!2枚までを付与する。
ST01-011_p4,CHARACTER,ブルック,2,斬,3000,2000,赤,麦わらの一味,【登場時】自分のリーダーかキャラ1枚にレストのドン!!2枚までを付与する。
ST01-012,CHARACTER,モンキー・D・ルフィ,5,打,6000,-,赤,超新星/麦わらの一味,【速攻】(このカードは登場したターンにアタックできる)
ST01-012_p1,CHARACTER,モンキー・D・ルフィ,5,打,6000,-,赤,超新星/麦わらの一味,【速攻】(このカードは登場したターンにアタックできる)
ST01-012_p2,CHARACTER,モンキー・D・ルフィ,5,打,6000,-,赤,超新星/麦わらの一味,【速攻】(このカードは登場したターンにアタックできる)
ST01-013,CHARACTER,ロロノア・ゾロ,3,斬,5000,-,赤,超新星/麦わらの一味,【ドン!!×1】このキャラのパワー+1000。
ST01-013_p1,CHARACTER,ロロノア・ゾロ,3,斬,5000,-,赤,超新星/麦わらの一味,【ドン!!×1】このキャラのパワー+1000。
ST01-013_p2,CHARACTER,ロロノア・ゾロ,3,斬,5000,-,赤,超新星/麦わらの一味,【ドン!!×1】このキャラのパワー+1000。
ST01-013_p3,CHARACTER,ロロノア・ゾロ,3,斬,5000,-,赤,超新星/麦わらの一味,【ドン!!×1】このキャラのパワー+1000。
ST01-014,EVENT,毛皮強化,1,-,-,-,赤,動物/麦わらの一味,【カウンター】自分のリーダーかキャラ1枚までを、このバトル中、パワー+3000。
ST01-014_p1,EVENT,毛皮強化,1,-,-,-,赤,動物/麦わらの一味,【カウンター】自分のリーダーかキャラ1枚までを、このバトル中、パワー+3000。
ST01-015,EVENT,ゴムゴムのJET銃,4,-,-,-,赤,超新星/麦わらの一味,【メイン】相手のパワー6000以下のキャラ1枚までを、KOする。
ST01-015_p1,EVENT,ゴムゴムのJET銃,4,-,-,-,赤,超新星/麦わらの一味,【メイン】相手のパワー6000以下のキャラ1枚までを、KOする。
ST01-015_p2,EVENT,ゴムゴムのJET銃,4,-,-,-,赤,超新星/麦わらの一味,【メイン】相手のパワー6000以下のキャラ1枚までを、KOする。
ST01-015_p3,EVENT,ゴムゴムのJET銃,4,-,-,-,赤,超新星/麦わらの一味,【メイン】相手のパワー6000以下のキャラ1枚までを、KOする。
ST01-016,EVENT,悪魔風脚,1,-,-,-,赤,麦わらの一味,【メイン】自分の特徴《麦わらの一味》を持つ、リーダーかキャラ1枚までを選ぶ。相手は、このターン中、そのリーダーかキャラがアタックする場合【ブロッカー】を発動できない。
ST01-016_p1,EVENT,悪魔風脚,1,-,-,-,赤,麦わらの一味,【メイン】自分の特徴《麦わらの一味》を持つ、リーダーかキャラ1枚までを選ぶ。相手は、このターン中、そのリーダーかキャラがアタックする場合【ブロッカー】を発動できない。
ST01-017,STAGE,サウザンド・サニー号,2,-,-,-,赤,麦わらの一味,【起動メイン】このステージをレストにできる：自分の特徴《麦わらの一味》を持つリーダーかキャラ1枚までを、このターン中、パワー+1000。
ST01-017_p1,STAGE,サウザンド・サニー号,2,-,-,-,赤,麦わらの一味,【起動メイン】このステージをレストにできる：自分の特徴《麦わらの一味》を持つリーダーかキャラ1枚までを、このターン中、パワー+1000。
ST02-001,LEADER,ユースタス・キッド,5,特,5000,-,緑,超新星/キッド海賊団,【起動メイン】【ターン1回】③(コストエリアのドン!!を指定の数レストにできる)，自分の手札1枚を捨てることができる：このリーダーをアクティブにする。
ST02-001_p1,LEADER,ユースタス・キッド,5,特,5000,-,緑,超新星/キッド海賊団,【起動メイン】【ターン1回】③(コストエリアのドン!!を指定の数レストにできる)，自分の手札1枚を捨てることができる：このリーダーをアクティブにする。
ST02-002,CHARACTER,ヴィト,3,射,5000,1000,緑,ファイアタンク海賊団,-
ST02-002_p1,CHARACTER,ヴィト,3,射,5000,1000,緑,ファイアタンク海賊団,-
ST02-003,CHARACTER,ウルージ,2,打,3000,1000,緑,超新星/破戒僧海賊団,【ドン!!×1】自分のキャラが3枚以上いる場合、このキャラのパワー+2000。
ST02-003_p1,CHARACTER,ウルージ,2,打,3000,1000,緑,超新星/破戒僧海賊団,【ドン!!×1】自分のキャラが3枚以上いる場合、このキャラのパワー+2000。
ST02-004,CHARACTER,カポネ・ベッジ,1,特,1000,-,緑,超新星/ファイアタンク海賊団,【ブロッカー】(相手のアタックの後、このカードをレストにし、アタックの対象をこのカードにできる)
ST02-004_p1,CHARACTER,カポネ・ベッジ,1,特,1000,-,緑,超新星/ファイアタンク海賊団,【ブロッカー】(相手のアタックの後、このカードをレストにし、アタックの対象をこのカードにできる)
ST02-005,CHARACTER,キラー,3,斬,3000,1000,緑,超新星/キッド海賊団,【登場時】相手のレストのコスト3以下のキャラ1枚までを、KOする。
ST02-005_p1,CHARACTER,キラー,3,斬,3000,1000,緑,超新星/キッド海賊団,【登場時】相手のレストのコスト3以下のキャラ1枚までを、KOする。
ST02-006,CHARACTER,コビー,4,打,6000,1000,緑,海軍,-
ST02-006_p1,CHARACTER,コビー,4,打,6000,1000,緑,海軍,-
ST02-007,CHARACTER,ジュエリー・ボニー,1,特,1000,1000,緑,超新星/ボニー海賊団,【起動メイン】①(コストエリアのドン!!を指定の数レストにできる)，このキャラをレストにできる：自分のデッキの上から5枚を見て、特徴《超新星》を持つカード1枚までを公開し、手札に加える。その後、残りを好きな順番でデッキの下に置く。
ST02-007_p1,CHARACTER,ジュエリー・ボニー,1,特,1000,1000,緑,超新星/ボニー海賊団,【起動メイン】①(コストエリアのドン!!を指定の数レストにできる)，このキャラをレストにできる：自分のデッキの上から5枚を見て、特徴《超新星》を持つカード1枚までを公開し、手札に加える。その後、残りを好きな順番でデッキの下に置く。
ST02-007_p2,CHARACTER,ジュエリー・ボニー,1,特,1000,1000,緑,超新星/ボニー海賊団,【起動メイン】①(コストエリアのドン!!を指定の数レストにできる)，このキャラをレストにできる：自分のデッキの上から5枚を見て、特徴《超新星》を持つカード1枚までを公開し、手札に加える。その後、残りを好きな順番でデッキの下に置く。
ST02-008,CHARACTER,スクラッチメン・アプー,2,射,3000,2000,緑,超新星/オンエア海賊団,【ドン!!×1】【アタック時】相手のドン!!1枚までを、レストにする。
ST02-008_p1,CHARACTER,スクラッチメン・アプー,2,射,3000,2000,緑,超新星/オンエア海賊団,【ドン!!×1】【アタック時】相手のドン!!1枚までを、レストにする。
ST02-008_p2,CHARACTER,スクラッチメン・アプー,2,射,3000,2000,緑,超新星/オンエア海賊団,【ドン!!×1】【アタック時】相手のドン!!1枚までを、レストにする。
ST02-009,CHARACTER,トラファルガー・ロー,5,斬,6000,1000,緑,超新星/ハートの海賊団,【登場時】自分のレストのコスト5以下の特徴《超新星》か《ハートの海賊団》を持つキャラ1枚までを、アクティブにする。
ST02-009_p1,CHARACTER,トラファルガー・ロー,5,斬,6000,1000,緑,超新星/ハートの海賊団,【登場時】自分のレストのコスト5以下の特徴《超新星》か《ハートの海賊団》を持つキャラ1枚までを、アクティブにする。
ST02-010,CHARACTER,バジル・ホーキンス,5,斬,6000,-,緑,超新星/ホーキンス海賊団,【ドン!!×1】【ターン1回】【自分のターン中】このキャラが相手のキャラとバトルした場合、このキャラをアクティブにする。
ST02-010_p1,CHARACTER,バジル・ホーキンス,5,斬,6000,-,緑,超新星/ホーキンス海賊団,【ドン!!×1】【ターン1回】【自分のターン中】このキャラが相手のキャラとバトルした場合、このキャラをアクティブにする。
ST02-011,CHARACTER,ヒート,2,特,4000,1000,緑,キッド海賊団,-
ST02-011_p1,CHARACTER,ヒート,2,特,4000,1000,緑,キッド海賊団,-
ST02-012,CHARACTER,ベポ,1,打,3000,1000,緑,ミンク族/ハートの海賊団,-
ST02-012_p1,CHARACTER,ベポ,1,打,3000,1000,緑,ミンク族/ハートの海賊団,-
ST02-013,CHARACTER,ユースタス・キッド,7,特,7000,-,緑,超新星/キッド海賊団,【ブロッカー】(相手のアタックの後、このカードをレストにし、アタックの対象をこのカードにできる)
ST02-013_p1,CHARACTER,ユースタス・キッド,7,特,7000,-,緑,超新星/キッド海賊団,【ブロッカー】(相手のアタックの後、このカードをレストにし、アタックの対象をこのカードにできる)
ST02-014,CHARACTER,X・ドレーク,4,斬,5000,1000,緑,海軍/超新星/ドレーク海賊団,【ドン!!×1】【自分のターン中】このキャラがレストの場合、自分の特徴《超新星》か《海軍》を持つリーダーとキャラのパワー+1000。
ST02-014_p1,CHARACTER,X・ドレーク,4,斬,5000,1000,緑,海軍/超新星/ドレーク海賊団,【ドン!!×1】【自分のターン中】このキャラがレストの場合、自分の特徴《超新星》か《海軍》を持つリーダーとキャラのパワー+1000。
ST02-015,EVENT,メス,1,-,-,-,緑,超新星/ハートの海賊団,【カウンター】自分のリーダーかキャラ1枚までを、このバトル中、パワー+2000。その後、自分のドン!!1枚までを、アクティブにする。
ST02-015_p1,EVENT,メス,1,-,-,-,緑,超新星/ハートの海賊団,【カウンター】自分のリーダーかキャラ1枚までを、このバトル中、パワー+2000。その後、自分のドン!!1枚までを、アクティブにする。
ST02-016,EVENT,反発,2,-,-,-,緑,超新星/キッド海賊団,【カウンター】自分のリーダーかキャラ1枚までを、このバトル中、パワー+4000。その後、自分のドン!!1枚までを、アクティブにする。
ST02-016_p1,EVENT,反発,2,-,-,-,緑,超新星/キッド海賊団,【カウンター】自分のリーダーかキャラ1枚までを、このバトル中、パワー+4000。その後、自分のドン!!1枚までを、アクティブにする。
ST02-017,EVENT,藁備手刀,2,-,-,-,緑,超新星/ホーキンス海賊団,【メイン】相手のキャラ1枚までを、レストにする。
ST02-017_p1,EVENT,藁備手刀,2,-,-,-,緑,超新星/ホーキンス海賊団,【メイン】相手のキャラ1枚までを、レストにする。
ST03-001,LEADER,クロコダイル,5,特,5000,-,青,王下七武海/B・W,【起動メイン】【ターン1回】ドン!!-4(自分の場のドン!!を指定の数ドン!!デッキに戻すことができる)：コスト5以下のキャラ1枚までを、持ち主の手札に戻す。
ST03-002,CHARACTER,エドワード・ウィーブル,3,斬,5000,1000,青,王下七武海,-
ST03-003,CHARACTER,クロコダイル,5,特,6000,-,青,王下七武海/B・W,【ブロッカー】(相手のアタックの後、このカードをレストにし、アタックの対象をこのカードにできる)
ST03-004,CHARACTER,ゲッコー・モリア,4,特,5000,1000,青,王下七武海/スリラーバーク海賊団,【登場時】自分のトラッシュの「ゲッコー・モリア」以外のコスト4以下の特徴《王下七武海》か《スリラーバーク海賊団》を持つキャラカード1枚までを、手札に加える。
ST03-005,CHARACTER,ジュラキュール・ミホーク,4,斬,5000,2000,青,王下七武海,【ドン!!×1】【アタック時】カード2枚を引き、自分の手札2枚を捨てる。
ST03-005_p1,CHARACTER,ジュラキュール・ミホーク,4,斬,5000,2000,青,王下七武海,【ドン!!×1】【アタック時】カード2枚を引き、自分の手札2枚を捨てる。
ST03-005_p2,CHARACTER,ジュラキュール・ミホーク,4,斬,5000,2000,青,王下七武海,【ドン!!×1】【アタック時】カード2枚を引き、自分の手札2枚を捨てる。
ST03-006,CHARACTER,ジンベエ,2,打,4000,1000,青,魚人族/王下七武海/タイヨウの海賊団,-
ST03-007,CHARACTER,戦桃丸,3,斬,4000,1000,青,海軍,【ドン!!×1】【起動メイン】【ターン1回】②(コストエリアのドン!!を指定の数レストにできる)：自分のデッキからコスト4以下の「パシフィスタ」1枚までを、登場させ、デッキをシャッフルする。
ST03-007_p1,CHARACTER,戦桃丸,3,斬,4000,1000,青,海軍,【ドン!!×1】【起動メイン】【ターン1回】②(コストエリアのドン!!を指定の数レストにできる)：自分のデッキからコスト4以下の「パシフィスタ」1枚までを、登場させ、デッキをシャッフルする。
ST03-008,CHARACTER,トラファルガー・ロー,1,斬,1000,-,青,王下七武海/ハートの海賊団,【ブロッカー】(相手のアタックの後、このカードをレストにし、アタックの対象をこのカードにできる)
ST03-009,CHARACTER,ドンキホーテ・ドフラミンゴ,7,特,7000,-,青,王下七武海/ドンキホーテ海賊団,【登場時】コスト7以下のキャラ1枚までを、持ち主の手札に戻す。
ST03-009_p1,CHARACTER,ドンキホーテ・ドフラミンゴ,7,特,7000,-,青,王下七武海/ドンキホーテ海賊団,【登場時】コスト7以下のキャラ1枚までを、持ち主の手札に戻す。
ST03-010,CHARACTER,バーソロミュー・くま,2,打,3000,-,青,王下七武海/革命軍,【登場時】自分のデッキの上から3枚を見て、好きな順番に並び変え、デッキの上か下に置く。
ST03-011,CHARACTER,バギー,1,斬,3000,1000,青,王下七武海/バギーズデリバリー,-
ST03-012,CHARACTER,パシフィスタ,4,特,6000,1000,青,生物兵器/海軍,-
ST03-013,CHARACTER,ボア・ハンコック,3,特,1000,1000,青,王下七武海/九蛇海賊団,【ブロッカー】(相手のアタックの後、このカードをレストにし、アタックの対象をこのカードにできる)
ST03-014,CHARACTER,マーシャル・D・ティーチ,4,特,4000,1000,青,王下七武海/黒ひげ海賊団,【登場時】コスト3以下のキャラ1枚までを、持ち主の手札に戻す。
ST03-014_p1,CHARACTER,マーシャル・D・ティーチ,4,特,4000,1000,青,王下七武海/黒ひげ海賊団,【登場時】コスト3以下のキャラ1枚までを、持ち主の手札に戻す。
ST03-015,EVENT,砂嵐,4,-,-,-,青,王下七武海/B・W,【メイン】コスト7以下のキャラ1枚までを、持ち主の手札に戻す。
ST03-016,EVENT,つっぱり圧力砲,2,-,-,-,青,王下七武海/革命軍,【カウンター】コスト3以下のキャラ1枚までを、持ち主の手札に戻す。
ST03-017,EVENT,メロメロ甘風,2,-,-,-,青,王下七武海/九蛇海賊団,【カウンター】自分のリーダーかキャラ1枚までを、このバトル中、パワー+4000。その後、自分の手札が3枚以下の場合、カード1枚を引く。
ST04-001,LEADER,カイドウ,5,打,5000,-,紫,四皇/百獣海賊団,【起動メイン】【ターン1回】ドン!!-7(自分の場のドン!!を指定の数ドン!!デッキに戻すことができる)：相手のライフ1枚までをトラッシュに置く。
ST04-002,CHARACTER,うるティ,4,打,5000,2000,紫,百獣海賊団,【登場時】ドン!!-1(自分の場のドン!!を指定の数ドン!!デッキに戻すことができる)：自分の手札のコスト4以下の「ページワン」1枚までを、登場させる。
ST04-003,CHARACTER,カイドウ,9,打,10000,-,紫,四皇/百獣海賊団,【登場時】ドン!!-5(自分の場のドン!!を指定の数ドン!!デッキに戻すことができる)：相手のコスト6以下のキャラ1枚までを、KOし、このキャラは、このターン中、【速攻】を得る。
ST04-003_p1,CHARACTER,カイドウ,9,打,10000,-,紫,四皇/百獣海賊団,【登場時】ドン!!-5(自分の場のドン!!を指定の数ドン!!デッキに戻すことができる)：相手のコスト6以下のキャラ1枚までを、KOし、このキャラは、このターン中、【速攻】を得る。
ST04-004,CHARACTER,キング,6,特,7000,-,紫,百獣海賊団,【登場時】ドン!!-1(自分の場のドン!!を指定の数ドン!!デッキに戻すことができる)：相手のコスト4以下のキャラ1枚までを、KOする。
ST04-005,CHARACTER,クイーン,5,打,6000,1000,紫,百獣海賊団,【ブロッカー】(相手のアタックの後、このカードをレストにし、アタックの対象をこのカードにできる)
ST04-006,CHARACTER,ササキ,3,射,4000,1000,紫,百獣海賊団,【登場時】ドン!!-1(自分の場のドン!!を指定の数ドン!!デッキに戻すことができる)：カード1枚を引く。
ST04-007,CHARACTER,シープスヘッド,2,斬,4000,1000,紫,百獣海賊団/SMILE,-
ST04-008,CHARACTER,ジャック,3,打,4000,1000,紫,百獣海賊団,【登場時】自分の手札1枚を捨てることができる：ドン!!デッキからドン!!1枚までをアクティブで追加する。
ST04-008_p1,CHARACTER,ジャック,3,打,4000,1000,紫,百獣海賊団,【登場時】自分の手札1枚を捨てることができる：ドン!!デッキからドン!!1枚までをアクティブで追加する。
ST04-009,CHARACTER,ジンラミー,1,打,3000,1000,紫,百獣海賊団/SMILE,-
ST04-010,CHARACTER,フーズ・フー,3,斬,3000,-,紫,百獣海賊団,【登場時】ドン!!-1(自分の場のドン!!を指定の数ドン!!デッキに戻すことができる)：相手のコスト3以下のキャラ1枚までを、KOする。
ST04-010_p1,CHARACTER,フーズ・フー,3,斬,3000,-,紫,百獣海賊団,【登場時】ドン!!-1(自分の場のドン!!を指定の数ドン!!デッキに戻すことができる)：相手のコスト3以下のキャラ1枚までを、KOする。
ST04-011,CHARACTER,ブラックマリア,2,特,2000,1000,紫,百獣海賊団,【ブロッカー】(相手のアタックの後、このカードをレストにし、アタックの対象をこのカードにできる)
ST04-011_p1,CHARACTER,ブラックマリア,2,特,2000,1000,紫,百獣海賊団,【ブロッカー】(相手のアタックの後、このカードをレストにし、アタックの対象をこのカードにできる)
ST04-012,CHARACTER,ページワン,4,打,6000,1000,紫,百獣海賊団,-
ST04-013,CHARACTER,X・ドレーク,3,斬,5000,1000,紫,海軍/ドレーク海賊団/百獣海賊団,-
ST04-014,EVENT,大看板”災害”,4,-,-,-,紫,百獣海賊団,【メイン】カード1枚を引き、ドン!!デッキからドン!!1枚までをアクティブで追加する。
ST04-015,EVENT,無頼男爆弾,6,-,-,-,紫,百獣海賊団,【メイン】相手のコスト6以下のキャラ1枚までを、KOし、ドン!!デッキからドン!!1枚までをアクティブで追加する。
ST04-016,EVENT,熱息,1,-,-,-,紫,四皇/百獣海賊団,【カウンター】ドン!!-1(自分の場のドン!!を指定の数ドン!!デッキに戻すことができる)：自分のリーダーかキャラ1枚までを、このバトル中、パワー+4000。
ST04-017,STAGE,鬼ヶ島,3,-,-,-,紫,百獣海賊団,【起動メイン】このステージをレストにできる：自分のリーダーが特徴《百獣海賊団》を持つ場合、ドン!!デッキからドン!!1枚までをレストで追加する。
ST05-001,LEADER,シャンクス,5,斬,5000,-,紫,FILM/四皇/赤髪海賊団,【起動メイン】【ターン1回】ドン‼-3(自分の場のドン‼を指定の数ドン‼デッキに戻すことができる)：自分の特徴《FILM》を持つキャラすべてを、このターン中、パワー+2000。
ST05-001_p1,LEADER,シャンクス,5,斬,5000,-,紫,FILM/四皇/赤髪海賊団,【起動メイン】【ターン1回】ドン‼-3(自分の場のドン‼を指定の数ドン‼デッキに戻すことができる)：自分の特徴《FILM》を持つキャラすべてを、このターン中、パワー+2000。
ST05-002,CHARACTER,アイン,4,特,5000,-,紫,FILM/NEO海軍,【登場時】ドン‼デッキからドン‼1枚までをレストで追加する。
ST05-002_p1,CHARACTER,アイン,4,特,5000,-,紫,FILM/NEO海軍,【登場時】ドン‼デッキからドン‼1枚までをレストで追加する。
ST05-003,CHARACTER,アン,2,特,3000,-,紫,FILM/海賊万博,【ブロッカー】(相手のアタックの後、このカードをレストにし、アタックの対象をこのカードにできる)
ST05-003_p1,CHARACTER,アン,2,特,3000,-,紫,FILM/海賊万博,【ブロッカー】(相手のアタックの後、このカードをレストにし、アタックの対象をこのカードにできる)
ST05-004,CHARACTER,ウタ,4,特,5000,1000,紫,FILM,【ブロッカー】(相手のアタックの後、このカードをレストにし、アタックの対象をこのカードにできる)
ST05-004_p1,CHARACTER,ウタ,4,特,5000,1000,紫,FILM,【ブロッカー】(相手のアタックの後、このカードをレストにし、アタックの対象をこのカードにできる)
ST05-005,CHARACTER,カリーナ,2,知,3000,1000,紫,FILM/グラン・テゾーロ,【起動メイン】【ターン1回】このキャラをレストにする，自分の手札の特徴《FILM》を持つカード1枚をトラッシュに置くことができる：相手の場のドン‼の枚数が自分の場のドン‼の枚数より多い場合、ドン‼デッキからドン‼2枚をレストで追加する。
ST05-005_p1,CHARACTER,カリーナ,2,知,3000,1000,紫,FILM/グラン・テゾーロ,【起動メイン】【ターン1回】このキャラをレストにする，自分の手札の特徴《FILM》を持つカード1枚をトラッシュに置くことができる：相手の場のドン‼の枚数が自分の場のドン‼の枚数より多い場合、ドン‼デッキからドン‼2枚をレストで追加する。
ST05-006,CHARACTER,ギルド・テゾーロ,5,特,6000,-,紫,FILM/グラン・テゾーロ,【アタック時】ドン‼-2(自分の場のドン‼を指定の数ドン‼デッキに戻すことができる)：カード2枚を引く。
ST05-006_p1,CHARACTER,ギルド・テゾーロ,5,特,6000,-,紫,FILM/グラン・テゾーロ,【アタック時】ドン‼-2(自分の場のドン‼を指定の数ドン‼デッキに戻すことができる)：カード2枚を引く。
ST05-007,CHARACTER,ゴードン,1,知,3000,1000,紫,FILM,-
ST05-007_p1,CHARACTER,ゴードン,1,知,3000,1000,紫,FILM,-
ST05-008,CHARACTER,シキ,6,斬,7000,1000,紫,FILM/金獅子海賊団,自分の場にドン‼が8枚以上ある場合、このキャラはバトルでKOされない。
ST05-008_p1,CHARACTER,シキ,6,斬,7000,1000,紫,FILM/金獅子海賊団,自分の場にドン‼が8枚以上ある場合、このキャラはバトルでKOされない。
ST05-009,CHARACTER,スカーレット,2,打,3000,1000,紫,FILM/動物/金獅子海賊団,-
ST05-009_p1,CHARACTER,スカーレット,2,打,3000,1000,紫,FILM/動物/金獅子海賊団,-
ST05-010,CHARACTER,ゼット,7,打,8000,-,紫,FILM/NEO海軍,このキャラが属性(打)を持つキャラとバトルする時、このキャラは、このターン中、パワー+3000。
ST05-010_p1,CHARACTER,ゼット,7,打,8000,-,紫,FILM/NEO海軍,このキャラが属性(打)を持つキャラとバトルする時、このキャラは、このターン中、パワー+3000。
ST05-011,CHARACTER,ダグラス・バレット,8,特,10000,-,紫,FILM/海賊万博,【起動メイン】【ターン1回】ドン‼-4(自分の場のドン‼を指定の数ドン‼デッキに戻すことができる)：相手のコスト6以下のキャラ2枚までを、レストにする。その後、このキャラは、このターン中、【ダブルアタック】を得る。
ST05-011_p1,CHARACTER,ダグラス・バレット,8,特,10000,-,紫,FILM/海賊万博,【起動メイン】【ターン1回】ドン‼-4(自分の場のドン‼を指定の数ドン‼デッキに戻すことができる)：相手のコスト6以下のキャラ2枚までを、レストにする。その後、このキャラは、このターン中、【ダブルアタック】を得る。
ST05-012,CHARACTER,バカラ,3,特,5000,1000,紫,FILM/グラン・テゾーロ,-
ST05-012_p1,CHARACTER,バカラ,3,特,5000,1000,紫,FILM/グラン・テゾーロ,-
ST05-013,CHARACTER,ビンズ,4,特,6000,1000,紫,FILM/NEO海軍,-
ST05-013_p1,CHARACTER,ビンズ,4,特,6000,1000,紫,FILM/NEO海軍,-
ST05-014,CHARACTER,ブエナ・フェスタ,1,知,-,2000,紫,FILM/海賊万博,【登場時】自分のデッキの上から5枚を見て、「ブエナ・フェスタ」以外の特徴《FILM》を持つカード1枚までを公開し、手札に加える。その後、残りを好きな順番でデッキの下に置く。
ST05-014_p1,CHARACTER,ブエナ・フェスタ,1,知,-,2000,紫,FILM/海賊万博,【登場時】自分のデッキの上から5枚を見て、「ブエナ・フェスタ」以外の特徴《FILM》を持つカード1枚までを公開し、手札に加える。その後、残りを好きな順番でデッキの下に置く。
ST05-015,CHARACTER,Dr.インディゴ,2,知,4000,1000,紫,FILM/科学者/金獅子海賊団,-
ST05-015_p1,CHARACTER,Dr.インディゴ,2,知,4000,1000,紫,FILM/科学者/金獅子海賊団,-
ST05-016,EVENT,獅子威し御所地巻き,3,-,-,-,紫,FILM/金獅子海賊団,【メイン】ドン‼-2(自分の場のドン‼を指定の数ドン‼デッキに戻すことができる)：相手のコスト5以下のキャラ1枚までを、KOする。
ST05-016_p1,EVENT,獅子威し御所地巻き,3,-,-,-,紫,FILM/金獅子海賊団,【メイン】ドン‼-2(自分の場のドン‼を指定の数ドン‼デッキに戻すことができる)：相手のコスト5以下のキャラ1枚までを、KOする。
ST05-017,EVENT,鎧合体,2,-,-,-,紫,FILM/海賊万博,【カウンター】自分の特徴《FILM》を持つ、リーダーかキャラ1枚までを、このバトル中、パワー+4000。そのカードがキャラの場合、そのキャラは、このターン中、KOされない。
ST05-017_p1,EVENT,鎧合体,2,-,-,-,紫,FILM/海賊万博,【カウンター】自分の特徴《FILM》を持つ、リーダーかキャラ1枚までを、このバトル中、パワー+4000。そのカードがキャラの場合、そのキャラは、このターン中、KOされない。
ST06-001,LEADER,サカズキ,5,特,5000,-,黒,海軍,【起動メイン】【ターン1回】③(コストエリアのドン‼を指定の数レストにできる)，自分の手札1枚を捨てることができる：相手のコスト0のキャラ1枚までを、KOする。
ST06-002,CHARACTER,コビー,1,打,2000,1000,黒,海軍,【登場時】自分の手札1枚を捨てることができる：相手のコスト0のキャラ1枚までを、KOする。
ST06-003,CHARACTER,ジャンゴ,1,斬,3000,1000,黒,海軍,-
ST06-004,CHARACTER,スモーカー,5,特,7000,-,黒,海軍,このキャラは効果でKOされない。
ST06-005,CHARACTER,センゴク,5,知,6000,1000,黒,海軍,【アタック時】相手のキャラ1枚までを、このターン中、コスト-4。
ST06-006,CHARACTER,たしぎ,3,斬,4000,2000,黒,海軍,【起動メイン】このキャラをレストにできる：相手のキャラ1枚までを、このターン中、コスト-2。
ST06-006_p1,CHARACTER,たしぎ,3,斬,4000,2000,黒,海軍,【起動メイン】このキャラをレストにできる：相手のキャラ1枚までを、このターン中、コスト-2。
ST06-007,CHARACTER,つる,2,知,2000,1000,黒,海軍,【ブロッカー】(相手のアタックの後、このカードをレストにし、アタックの対象をこのカードにできる)
ST06-008,CHARACTER,ヒナ,3,特,5000,-,黒,海軍,【登場時】相手のキャラ1枚までを、このターン中、コスト-4。
ST06-009,CHARACTER,フルボディ,2,打,4000,1000,黒,海軍,-
ST06-010,CHARACTER,ヘルメッポ,2,斬,3000,1000,黒,海軍,【登場時】相手のキャラ1枚までを、このターン中、コスト-3。
ST06-011,CHARACTER,モモンガ,4,斬,6000,1000,黒,海軍,-
ST06-012,CHARACTER,モンキー・D・ガープ,5,打,6000,-,黒,海軍,【起動メイン】自分の手札1枚を捨て、このキャラをレストにできる：相手のコスト4以下のキャラ1枚までを、KOする。
ST06-013,CHARACTER,Tボーン,3,斬,5000,1000,黒,海軍,-
ST06-014,EVENT,衝撃波,2,-,-,-,黒,海軍,【カウンター】自分のリーダーかキャラ1枚までを、このバトル中、パワー+4000。その後、相手のアクティブのコスト3以下のキャラ1枚までを、KOする。
ST06-015,EVENT,大噴火,1,-,-,-,黒,海軍,【メイン】カード1枚を引く。その後、相手のキャラ1枚までを、このターン中、コスト-2。
ST06-016,EVENT,ホワイト・アウト,1,-,-,-,黒,海軍,【カウンター】自分のリーダーかキャラ1枚までを、このバトル中、パワー+2000。
ST06-017,STAGE,海軍本部,1,-,-,-,黒,海軍,【登場時】相手のキャラ1枚までを、このターン中、コスト-1。
ST07-001,LEADER,シャーロット・リンリン,5,特,5000,-,黄,四皇/ビッグ・マム海賊団,【ドン‼×2】【アタック時】自分のライフの上か下から1枚を手札に加えることができる：自分のライフが2枚以下の場合、自分の手札1枚までを、ライフの上に加える。
ST07-002,CHARACTER,シャーロット・アナナ,1,知,3000,1000,黄,ビッグ・マム海賊団,-
ST07-003,CHARACTER,シャーロット・カタクリ,4,打,6000,-,黄,ビッグ・マム海賊団,【登場時】自分か相手のライフの上から1枚までを見て、ライフの上か下に置く。その後、自分のライフの枚数が相手より少ない場合、このキャラは、このターン中、【速攻】を得る。
ST07-004,CHARACTER,シャーロット・スナック,5,斬,6000,-,黄,ビッグ・マム海賊団,【ドン!!×1】【アタック時】自分のライフの上か下から1枚を手札に加えることができる：このキャラは、このバトル中、【バニッシュ】を得て、パワー+1000。
ST07-005,CHARACTER,シャーロット・ダイフク,4,斬,5000,1000,黄,ビッグ・マム海賊団,【ドン!!×1】【アタック時】自分のライフの上か下から1枚を手札に加えることができる：自分のデッキの上から1枚までを、ライフの上に加える。
ST07-006,CHARACTER,シャーロット・フランぺ,2,射,4000,1000,黄,ビッグ・マム海賊団,-
ST07-007,CHARACTER,シャーロット・ブリュレ,3,特,1000,1000,黄,ビッグ・マム海賊団,【ブロッカー】(相手のアタックの後、このカードをレストにし、アタックの対象をこのカードにできる)
ST07-008,CHARACTER,シャーロット・プリン,2,知,3000,2000,黄,ビッグ・マム海賊団,【登場時】自分か相手のライフの上から1枚までを見て、ライフの上か下に置く。
ST07-008_p1,CHARACTER,シャーロット・プリン,2,知,3000,2000,黄,ビッグ・マム海賊団,【登場時】自分か相手のライフの上から1枚までを見て、ライフの上か下に置く。
ST07-009,CHARACTER,シャーロット・モンドール,3,特,4000,1000,黄,ビッグ・マム海賊団,【起動メイン】このキャラをレストにし、自分のライフの上か下から1枚を手札に加えることができる：相手のコスト3以下のキャラ1枚までを、KOする。
ST07-010,CHARACTER,シャーロット・リンリン,7,特,8000,-,黄,四皇/ビッグ・マム海賊団,【登場時】相手は以下から1つを選ぶ。
ST07-011,CHARACTER,ゼウス,3,特,3000,1000,黄,ビッグ・マム海賊団/ホーミーズ,【起動メイン】このキャラをレストにできる：自分の「シャーロット・リンリン」1枚までは、このターン中、【バニッシュ】を得る。
ST07-012,CHARACTER,タマゴ男爵,4,打,6000,1000,黄,ビッグ・マム海賊団,-
ST07-013,CHARACTER,プロメテウス,3,特,3000,1000,黄,ビッグ・マム海賊団/ホーミーズ,【起動メイン】このキャラをレストにできる：自分の「シャーロット・リンリン」1枚までは、このターン中、【ダブルアタック】を得る。
ST07-014,CHARACTER,ぺコムズ,3,打,5000,1000,黄,ミンク族/ビッグ・マム海賊団,-
ST07-015,EVENT,ソウル・ポーカス,5,-,-,-,黄,四皇/ビッグ・マム海賊団,【メイン】相手は以下から1つを選ぶ。
ST07-016,EVENT,力餅,1,-,-,-,黄,ビッグ・マム海賊団,【カウンター】自分か相手のライフの上から1枚までを見て、ライフの上か下に置く。その後、自分のリーダーかキャラ1枚までを、このバトル中、パワー+2000。
ST07-017,STAGE,クイーン・ママ・シャンテ号,2,-,-,-,黄,ビッグ・マム海賊団/ホーミーズ,【起動メイン】このステージをレストにし、自分のライフの上か下から1枚を手札に加えることができる：自分のコスト3のキャラ1枚までを、持ち主のライフの上に表向きで加える。
ST08-001,LEADER,モンキー・D・ルフィ,5,打,5000,-,黒,麦わらの一味,【自分のターン中】キャラがKOされた時、このリーダーにレストのドン!!1枚までを、付与する。
ST08-002,CHARACTER,ウタ,2,特,3000,-,黒,FILM,このキャラはリーダーとのバトルでKOされない。
ST08-003,CHARACTER,ガイモン,2,知,4000,1000,黒,東の海,-
ST08-004,CHARACTER,コビー,4,打,1000,1000,黒,海軍,【起動メイン】このキャラをレストにできる：相手のコスト2以下のキャラ1枚までを、KOする。
ST08-005,CHARACTER,シャンクス,9,斬,10000,-,黒,赤髪海賊団,【登場時】自分の手札1枚を捨てることができる：コスト1以下のキャラすべてを、KOする。
ST08-006,CHARACTER,しらほし,4,知,-,1000,黒,人魚族,【ブロッカー】(相手のアタックの後、このカードをレストにし、アタックの対象をこのカードにできる)
ST08-007,CHARACTER,ネフェルタリ・ビビ,3,斬,1000,1000,黒,アラバスタ王国,【ブロッカー】(相手のアタックの後、このカードをレストにし、アタックの対象をこのカードにできる)
ST08-008,CHARACTER,ヒグマ,1,斬,2000,1000,黒,山賊,【登場時】相手のキャラ1枚までを、このターン中、コスト-2。
ST08-009,CHARACTER,マキノ,2,知,-,2000,黒,フーシャ村,【登場時】コスト0のキャラがいる場合、カード1枚を引く。
ST08-010,CHARACTER,モンキー・D・ガープ,5,打,7000,1000,黒,海軍,-
ST08-011,CHARACTER,モンキー・D・ルフィ,3,打,5000,1000,黒,麦わらの一味,-
ST08-012,CHARACTER,ラブーン,4,打,6000,1000,黒,動物,-
ST08-013,CHARACTER,Mr.2・ボン・クレー(ベンサム),5,打,6000,-,黒,元B・W,【ドン!!×1】このキャラが相手のキャラとバトルしたバトル終了時、バトルした相手のキャラをKOしてもよい。そうした場合、このキャラをKOする。
ST08-014,EVENT,ゴムゴムの鐘,2,-,-,-,黒,麦わらの一味,【メイン】自分のライフの上から1枚を手札に加えることができる：相手のキャラ1枚までを、このターン中、コスト-7。
ST08-015,EVENT,ゴムゴムの銃,3,-,-,-,黒,麦わらの一味,【メイン】相手のコスト2以下のキャラ1枚までを、KOする。
ST09-001,LEADER,ヤマト,5,打,5000,-,黄,ワノ国,【ドン!!×1】【相手のターン中】自分のライフが2枚以下の場合、このリーダーはパワー+1000。
ST09-002,CHARACTER,雨月天ぷら,4,斬,5000,1000,黄,ワノ国,-
ST09-003,CHARACTER,うるティ,4,打,6000,1000,黄,百獣海賊団,-
ST09-004,CHARACTER,カイドウ,4,特,5000,1000,黄,四皇/百獣海賊団,【ドン!!×1】自分のライフが2枚以下の場合、このキャラはバトルでKOされない。
ST09-005,CHARACTER,光月おでん,7,斬,7000,-,黄,ワノ国/光月家,【ドン!!×1】このキャラは【ダブルアタック】を得る。
ST09-006,CHARACTER,光月モモの助,2,特,4000,1000,黄,ワノ国/光月家,-
ST09-007,CHARACTER,しのぶ,3,特,2000,-,黄,ワノ国,【ブロッカー】(相手のアタックの後、このカードをレストにし、アタックの対象をこのカードにできる)
ST09-008,CHARACTER,霜月牛マル,5,斬,6000,-,黄,ワノ国,【ドン!!×1】【アタック時】自分のライフの上か下から1枚を手札に加えることができる：自分の手札からコスト4以下の黄の特徴《ワノ国》を持つキャラカード1枚までを、登場させる。
ST09-009,CHARACTER,風月おむすび,3,斬,4000,1000,黄,ワノ国,-
ST09-010,CHARACTER,ポートガス・D・エース,6,特,7000,-,黄,ワノ国/白ひげ海賊団,【ターン1回】このキャラがKOされる場合、代わりに自分のライフの上か下から1枚をトラッシュに置くことができる。
ST09-011,CHARACTER,モンキー・D・ルフィ,3,打,5000,1000,黄,ワノ国/麦わらの一味,-
ST09-012,CHARACTER,ヤマト,3,打,3000,2000,黄,ワノ国,【アタック時】自分のライフの上か下から1枚を手札に加えることができる：このキャラは、次の自分のターン開始時まで、パワー+2000。
ST09-013,CHARACTER,ヤマト,5,特,7000,1000,黄,ワノ国,-
ST09-014,EVENT,鳴鏑,1,-,-,-,黄,ワノ国,【カウンター】自分のライフが2枚以下の場合、相手のリーダーかキャラ1枚までを、このターン中、パワー-3000。
ST09-015,EVENT,雷鳴八卦,2,-,-,-,黄,ワノ国,【カウンター】自分のリーダーかキャラ1枚までを、このバトル中、パワー+4000。その後、自分のライフが2枚以下の場合、相手のコスト3以下のキャラ1枚までを、持ち主のライフの上か下に表向きで加える。
